site,resolution,date,GPP,GPP.lower,GPP.upper,GPP.n_eff,GPP.Rhat,ER,ER.lower,ER.upper,ER.n_eff,ER.Rhat,K600,K600.lower,K600.upper,K600.n_eff,K600.Rhat,DO.obs,DO.sat,DO.amp,DO.psat,depth,temp.water,discharge,shortwave,year
NC_EllerbeClub,15min,2021-10-05,0.4398440933658315,-0.00197339200222732,0.91972600715414,3905.732788246346,0.9989677886054918,-4.509592263162798,-6.7613052356269465,-2.1876711712777537,3073.3016408698,0.9988026824014544,12.705114022979776,6.225287430541128,18.882435869026843,3142.3888556823845,0.99862763999925,6.924340104166666,8.848313550710259,0,78.25604353284751,0.1493406532528581,21.793264583333332,0.03432234546331508,254.4527527273879,2021
NC_EllerbeClub,15min,2021-10-06,0.6003523356987757,0.08164598650080909,1.088531968873247,2791.093774367262,1.0011855523257749,-6.279145995712434,-8.843185943220208,-3.745942992797831,2200.7228524944053,1.0007331097266,22.596700611976587,13.632713078640876,31.834675703152826,2275.505036712354,1.0007970663360066,6.640069895833333,8.84852158766241,0,75.0415742341823,0.10235047186096297,21.944025,0.00951563135653613,252.1502476671126,2021
NC_EllerbeClub,15min,2021-10-07,0.7055765856622789,0.20333696278157515,1.227471468700455,2815.8735645389206,1.0018460207285524,-5.289169951987185,-7.8074370244379505,-2.904632979554605,2486.8995256271487,1.0011359531548167,18.52306709798377,10.600028054726591,26.73636173354152,2466.1019679594833,1.0002487046665698,6.228437291666666,8.986911407085232,0,69.30564917727129,0.08221025704531891,21.042572916666668,0.00430061702350579,249.84849505364272,2021
NC_EllerbeClub,15min,2021-10-08,0.15072005270265637,-0.31943361815371,0.6433715600231205,2744.5582895487755,0.999178784624394,-1.4395556865779675,-2.970913323607844,0.05771931676939505,2272.9415859567157,0.99989895364955,4.199069720658476,0.9004892789851634,7.9184648671459295,2228.0894835964514,0.9995372831199616,5.9921179166666665,8.972613940379631,0,66.78229952255296,0.09561097354655672,20.94930520833333,0.01352128150600174,247.59878864160495,2021
NC_EllerbeClub,15min,2021-10-16,1.0495694222912548,0.5197628555216267,1.578948739674516,2276.077394263145,0.9984183001435158,-4.2833754462840306,-5.72945715470327,-2.765010625114871,2301.0394370834474,0.9988192837962616,9.889040046985794,6.984557898011487,12.564895798331603,2420.167966951757,0.9988176743291688,7.0954508333333335,8.945920248988212,0,79.31493503014218,0.1682255138258144,20.802569791666667,0.15323234139513195,229.6390318161213,2021
NC_EllerbeClub,15min,2021-10-17,-0.09757822599655402,-0.5259262863850667,0.3342724808405201,3710.9339501927016,0.9990899285098236,-2.138764269204657,-4.052291006787612,-0.28089446454312317,2034.082578693518,1.0017602940013497,7.275652810764258,1.729349824322727,12.739214508741092,1879.5169258091637,1.0019412680457744,7.131076354166667,10.029348087942743,0,71.1020924953201,0.12099261590373792,15.594584375,0.01779830117958432,227.41363795678356,2021
NC_EllerbeClub,15min,2021-10-18,0.13727457354151212,-0.2958328518907485,0.5862973115964144,4533.122954725396,0.998351216034616,-3.3721366109736683,-5.279104762796057,-1.5479753082871153,3119.358993855821,0.9990196972030968,15.825970795251289,8.044397484695475,24.249859532178338,3081.134480515637,0.9988953605965596,7.9055553125,10.599431081403823,0,74.58471357363608,0.08542510791891479,13.152011770833331,0.00509112824593346,225.19591811714736,2021
NC_EllerbeClub,15min,2021-10-19,0.3980417914841458,-0.11712771241697628,0.8971068352727849,2371.583846156983,0.998785141158522,-4.054962739921243,-6.107751413603946,-2.014403767529948,2429.168815955311,0.9991670228571208,19.98746131094157,11.128210229823004,29.12800491172619,2461.2482986975597,0.999501795045016,7.871250104166666,10.510806303192602,0,74.88721490163715,0.076831024689461,13.694238333333333,0.00338916938272163,223.03600629957933,2021
NC_EllerbeClub,15min,2021-10-20,0.36773107081555534,-0.09867786760038089,0.8265646975950495,2760.60710112992,0.9991914135169114,-4.012714210857712,-5.963717717788836,-2.0082202880498916,2546.896052107932,0.9992794315740092,19.533514528483497,10.597417876351082,28.332231316489583,2523.2649408008933,0.9993833991368366,7.718541770833333,10.382532320026527,0,74.34161082210446,0.07689598618469085,14.23194375,0.00339801838894284,220.91162137937675,2021
NC_EllerbeClub,15min,2021-10-21,0.4695584122802154,-0.07518709756724963,1.0102655521201562,2477.507967505259,1.0001922563135437,-3.5404821486142133,-5.787745648544298,-1.2018776701630995,2224.681284715022,0.9998045661969136,11.691133604924026,4.212778460315729,19.096119247194626,2120.9968432167148,0.9996218406221486,6.619409895833333,9.844097454271395,0,67.24242548981614,0.07743909613557855,16.502916666666668,0.00348650845115489,218.80813465570267,2021
NC_EllerbeClub,15min,2021-10-22,0.7608310074608117,0.3197569677819014,1.2482123090851691,2609.0295505928634,0.9999359677919188,-1.7711006457575618,-2.9125464620797996,-0.6225757863514908,2022.7221069168136,0.9998923341029236,7.914927433150224,3.5022006951726423,12.299550689600917,2128.1488400019266,0.999710020721349,7.5819442708333344,9.7327792527958,0,77.90112231976671,0.07823351855601134,16.809415625,0.00362809255069418,216.71550962016784,2021
NC_EllerbeClub,15min,2021-10-23,0.7336977501015997,0.21376960092028868,1.2492856401764452,2299.329660346374,0.9993164708033486,-3.3547791370795057,-4.98669763630226,-1.799046567469545,2053.270333480172,0.9999792619644354,20.51245934311064,11.77348915139056,29.16878323574492,1952.703648212544,1.000251702384215,8.300347395833333,10.148901770521508,0,81.78567083920859,0.0764849162130296,14.999105208333331,0.0033449243516156,214.6347045112389,2021
NC_EllerbeClub,15min,2021-10-24,0.6409280633437872,0.1509661308134705,1.1573992435187028,2752.5601892059285,0.9993317043223402,-3.4154078661779472,-5.019186363037147,-1.795324770548762,2246.128081691557,0.9991472898712884,18.93704338625666,10.177018539320594,27.282116415035993,2054.8567494198696,0.9991428562847152,7.955763854166666,9.935733257306724,0,80.07223672511547,0.07836238305208765,16.147429166666665,0.00363694155691538,212.5666727095513,2021
NC_EllerbeClub,15min,2021-11-20,0.07433855842419468,-0.3364827789244636,0.5066737045325055,3751.52382965634,0.9985566071796588,-3.908046633241665,-6.049216311410899,-1.7095886925812611,2879.4811627323875,0.999686921400982,18.920388969119475,8.910746057444635,28.587570643020232,2703.1422529509796,0.999938393651738,10.295765208333334,12.988538812409724,0,79.26807901206242,0.10366318644258946,5.263125291666666,0.00942419162558367,166.0064467594088,2021
NC_EllerbeClub,15min,2021-11-21,0.182131349464642,-0.24494989273582077,0.5984836103230234,3556.276592570056,0.998960102513342,-4.421091887887712,-6.737157299525933,-2.2357847493484164,2669.8924417122844,1.0008653884958465,17.984418488941802,9.223870688695854,27.336910440312504,2685.844500241938,1.00092553573028,8.862604270833334,11.740762723449924,0,75.485762548731,0.09871213073262096,8.997085625,0.0079818036115272,164.73926700515028,2021
NC_EllerbeClub,15min,2021-11-22,0.8154135906570714,0.4042089161279408,1.2384531594005936,4683.062576455393,0.9994726331370324,-4.555302056274828,-5.584235351431455,-3.5508618911435907,3264.7264190039746,0.9990722389140192,11.593319469511307,8.991444301727928,14.08672090905429,3275.0285193551304,0.9995431227811526,9.104046041666669,11.230755062798677,0,81.06352592287737,0.2368778606322967,10.272291458333331,0.25048291976617854,163.51172139625967,2021
NC_EllerbeClub,15min,2021-11-23,-0.26626451028706555,-0.6455920301994056,0.12362099155003337,4352.768558937475,0.9989445129766812,-6.112955551473804,-9.08892439360332,-3.0375743679828213,2332.600458502813,0.9998708990222436,20.232809084634138,10.91322162450362,29.727394934107803,2336.673008561255,0.9993835420347192,9.424616770833332,12.948314794611052,0,72.78643530319295,0.12926257366957936,5.0186805520833335,0.02076566793242851,162.31723272145416,2021
NC_EllerbeClub,15min,2021-11-24,-0.393881996584414,-0.8044992285472982,0.01634879261119257,4508.312579594252,0.9993857174452094,-5.905930892835613,-8.960777373782605,-2.9800409505180645,2832.4947660933526,0.9997950219894732,20.432155698954436,10.694387852098227,30.17694245612112,2659.036590907503,1.0003369092384362,9.116563020833333,13.471186152604112,0,67.67453821481794,0.10233663346691028,3.799167430208333,0.00917052011390912,161.15630488264594,2021
NC_EllerbeClub,15min,2021-11-25,-0.21663086046925728,-0.5988982973138772,0.14705573276401976,4519.787479313185,0.9985548818637956,-5.011560711799297,-7.4450184041631875,-2.69558976976577,3185.5042400894527,0.9991406497396088,21.269451598882615,12.26378683169776,30.85653722591065,3027.1148815088327,0.9987551994648484,8.850625833333334,12.392419320416224,0,71.41967685641603,0.09307444067127887,6.7381947916666665,0.00653646592873033,160.02942535473562,2021
NC_EllerbeClub,15min,2021-11-26,-0.25262575147156907,-0.6537708879882683,0.13702360477088713,6322.722486541516,0.9983228778022856,-5.354027485923041,-8.020189284896047,-2.691206904688543,3160.0241300499783,0.999139369029244,22.28122928842793,12.061147441483836,32.59959611906421,3070.809873313912,0.998825870869168,9.113575833333334,12.521090226964931,0,72.78580114139494,0.10482393751452064,6.046247604166667,0.00984009491798032,158.937065175088,2021
NC_EllerbeClub,15min,2021-11-27,-0.4669459595418507,-0.8697234766016942,-0.06004765304724797,4163.212918218885,0.9988565521325004,-5.350307729571631,-7.951284041285923,-2.63913767791447,2330.4822666374826,1.0011028275200111,20.98831179112136,11.107982999185454,30.745321494354897,2234.575031970882,1.0003234748120724,9.482395208333331,13.034571369776373,0,72.74804011062787,0.10971097602329294,4.539513864583333,0.01140931868787407,157.87967895010502,2021
NC_EllerbeClub,15min,2021-12-05,0.2962216590025893,-0.13123914404644713,0.7273503649220363,2899.2586843367085,1.00110712088705,-4.272089445756941,-6.5414260998260785,-2.2572402550616077,2156.944839130565,1.0002640897991597,20.496021761075912,11.469505458891886,30.703646075501,2241.4600663613855,0.9997828987286316,8.959583541666667,11.478551616054688,0,78.0550006773954,0.0942771596605969,9.849028229166668,0.00679603677788569,150.74499480284516,2021
NC_EllerbeClub,15min,2021-12-06,0.10682107520070844,-0.2961486755207808,0.5104197244603195,2530.084663009187,1.001514399513794,-5.0907150729062,-7.579383912973594,-2.8114180639365705,2292.4419974268117,1.0009592171676167,22.10588646196527,12.827835444638486,32.16210447264992,2406.3296568076235,1.0005879707551977,7.830381458333333,10.533082743090803,0,74.34083306209368,0.0942771596605969,13.367918541666668,0.00679603677788569,150.04968386132646,2021
NC_EllerbeClub,15min,2021-12-07,0.5138201226969706,0.04925235414495713,0.982117176300585,2141.467342194746,1.0000017632973384,-4.564719875117046,-6.866380260260492,-2.3642635277569455,2017.4441553477457,0.9996394352216936,20.91977671952462,11.629189643731005,31.00923147611102,2135.486126692613,0.9993646612143118,9.434165104166668,12.169332783958692,0,77.5240949660161,0.09496786622391472,7.241736145833333,0.006981865908531,149.39238327774478,2021
NC_EllerbeClub,15min,2021-12-08,-0.18462743409319912,-0.5814409694445694,0.20052835040470365,3699.346528047055,1.0008482401940668,-3.0574582431260104,-5.1570373128359694,-0.6992210651496193,2378.884630305219,1.000172836897362,13.289543433585836,5.055351092133885,20.81688934145029,2169.127105435132,0.9999712883413312,9.5601084375,12.77012638017389,0,74.86306832751815,0.11148159103810489,5.21326375,0.0124535014219763,148.77335340383988,2021
NC_EllerbeClub,15min,2021-12-09,-0.2664739655065443,-0.6382027000287891,0.10448318703588556,4532.359226049011,0.9998360491594308,-5.982424707040254,-9.107639104488246,-2.9737934177890475,2702.079771564794,0.9991759107955503,20.965444462923617,10.82333595625307,31.447418826658613,2521.539636409215,0.999677433719436,9.679236145833332,13.291785069690278,0,72.82119064583156,0.1174512611233642,3.936527708333333,0.01458611192128678,148.1928389340389,2021
NC_EllerbeClub,15min,2021-12-10,0.1857671917227483,-0.21053605899700376,0.5904849553698012,4323.617494715435,0.9988594078333172,-6.112519794484378,-8.698814302944301,-3.2740610438444784,2193.3460917547363,1.0005587554856072,23.19674978570901,12.573956733738084,32.7763777305343,2100.935394944784,1.000595679889027,8.582500104166666,11.69233143167784,0,73.4028123844851,0.1015888509845712,8.932914895833333,0.00876641549647408,147.65106897995796,2021
NC_EllerbeClub,15min,2021-12-11,0.183115792543593,-0.23447930283791635,0.6083303394936018,3028.7155590971975,0.9993406430202444,-2.255382696757347,-3.5652880938960947,-0.9496101262261744,2811.790128870278,0.9985846949094798,6.147472199870785,3.7717826689834295,8.50224711365944,2720.399725199769,0.9991411388579324,7.348715208333333,10.19721070176615,0,72.0659347272342,0.14965456525643245,14.6932625,0.07874730636250626,147.1482571402178,2021
NC_EllerbeClub,15min,2021-12-13,-0.4492997129846648,-0.8460303952150671,-0.06329733635838433,4500.62217066835,0.9990396093748624,-6.081289030398942,-9.444686366436608,-2.7846696821085843,3122.628393194845,1.001609066310328,19.20900688566083,9.843024596410896,29.120772895360325,3029.4388185797193,1.0018282935265914,8.67329875,12.867554318364864,0,67.40440751527484,0.11276553710660776,5.619586354166667,0.01269242458994884,146.26028504871164,2021
NC_EllerbeClub,15min,2021-12-14,-0.21058464733283275,-0.6067586657544592,0.20322597499814543,4561.73123024146,0.9990446257474196,-5.908762645711793,-9.025305769243005,-2.9054458166458503,2775.5669585561964,1.000510426953967,20.689069219865623,10.728164608657025,30.81676328676774,2693.599689523559,1.000763956340991,8.949375312499999,12.974830683300652,0,68.9748909326297,0.10285042685132702,5.507637885416667,0.0091380737577647,145.8754750308766,2021
NC_EllerbeClub,15min,2021-12-15,0.0913623800348554,-0.32635226676573004,0.4755725548986855,3493.020849794334,0.9990436152375812,-6.439846380871108,-9.424266132847947,-3.5703430329411923,2524.645780119069,1.002519466921626,22.63434269200044,12.978100676355297,32.75886728867708,2397.44853780456,1.0023735934466844,8.9956584375,12.675112143278213,0,70.97103627813283,0.1035303025303451,6.216664614583333,0.00934455056959283,145.53032371212691,2021
NC_EllerbeClub,15min,2021-12-16,0.16141612040960937,-0.25411850735111574,0.5303821856534723,2949.491124842269,0.999766077512545,-6.186524923861796,-8.857678573112084,-3.375799916329006,1886.3377306619652,1.0024334768674363,22.908670734712828,12.72795911245065,32.45976992618478,2009.0293510179083,1.0023004145438128,8.113090416666667,11.337417107872785,0,71.56030636848386,0.09715647014228351,10.550836666666669,0.00753935330046693,145.22496807552986,2021
NC_EllerbeClub,15min,2021-12-17,0.2840610239000161,-0.13176919526307485,0.6916960037718561,2906.893075059444,0.9996513334625604,-6.090666357023049,-8.933127712416175,-3.5081033939573087,2273.8549137471,0.9998606824143116,23.20967878397352,13.928068403562174,33.570111155035505,2351.977321700784,0.999962282727172,7.708680208333333,10.55487917800691,0,73.03428185512372,0.09759899180114412,13.428054166666668,0.0076455413751214,144.95952993529897,2021
NC_EllerbeClub,15min,2021-12-18,0.39929069397394057,0.00528971869997544,0.7907979901233714,2766.4709243058883,0.9981999153786631,-5.98503284458547,-8.502654479589902,-3.3538183327773425,2120.0938151699856,0.9990942991870838,22.46279338636961,13.05608809850562,31.8895203560562,2289.7141485880143,0.9993359044995548,7.437048645833333,10.148335442066218,0,73.28343340924428,0.09759899180114412,14.855901041666666,0.0076455413751214,144.7341159768909,2021
NC_EllerbeClub,15min,2021-12-20,-0.14647760789607492,-0.5340378282712333,0.24200761271435403,4726.215863347937,0.9983902368845138,-3.857107080311654,-6.1424307346604206,-1.6394084842327343,2680.594863239227,0.9999289007451696,15.668844170379415,7.494100853817593,24.23456452790616,2505.4854567840803,1.00042643420916,10.299233645833333,12.422667659147846,0,82.90677919125646,0.1690109258572641,6.6227778125,0.05245985854804561,144.40371188154506,2021
NC_EllerbeClub,15min,2021-12-21,0.27553059197732666,-0.13665051484143256,0.6901068335707744,3152.663811852603,0.99894363142726,-3.2910830639783732,-5.231218461454105,-1.293728619956095,2044.226909458804,0.9994565040617712,11.21217186584248,4.369824303115698,18.042895083102486,1989.8450033693623,0.9993156233535756,10.447916145833334,12.693263365089976,0,82.31071746740894,0.15600139290858886,5.2548609375,0.0424752298617856,144.29885971981605,2021
NC_EllerbeClub,15min,2021-12-22,-0.09601780346260332,-0.48815053780045065,0.26967394142583634,5973.91398908465,0.9991253114933416,-2.935675682954938,-4.816653226303349,-0.8715279251453029,2491.0902695639243,0.9992279095078912,13.659080737114078,6.281648073458884,21.217869072700044,2414.147181926036,0.999308706879298,10.556596875,12.435363146383141,0,84.89174582786846,0.17077926403556018,6.0402084375,0.0549198822775407,144.24024393346534,2021
NC_EllerbeClub,15min,2021-12-23,-0.38718506036200495,-0.764687048912271,-0.00315795571200056,6084.555220400972,0.9998726714705654,-4.3676136562091,-6.651055760168832,-2.0460694080525097,2706.4315665870217,0.9997682725152448,23.42409832182482,12.345658879581912,34.70283806700819,2588.3315635816193,0.9998042544661582,11.092840208333334,13.201000301518206,0,84.03030039365714,0.1387917504747167,4.200555520833333,0.02544089288596533,144.23232857671647,2021
NC_EllerbeClub,15min,2021-12-24,-0.26729181033623717,-0.6361758234993757,0.12635874381908008,4191.208768363325,0.999097483045696,-5.234062904630168,-7.688224176132961,-2.8682503233280214,2599.2490341759917,0.999918431500958,23.34790993109598,13.395837118784112,33.667372184468164,2586.3099906451725,1.0000523861339894,9.811219166666667,12.163926588074418,0,80.65832275151712,0.12659565835083178,7.280971770833333,0.01855341637712718,144.26562718113863,2021
NC_EllerbeClub,15min,2021-12-25,-0.2109112781139714,-0.5867422963955736,0.15641069046012798,4895.89778959377,0.9986315151190692,-4.577023449892749,-6.813961887849454,-2.3842951650078743,2636.9397256409443,0.999772833918646,22.77559311795016,12.609435347573028,32.56631252031864,2687.6225016832927,0.999213768531464,9.047916666666666,11.210460749932553,0,80.70958784384578,0.11908866531074784,10.2286796875,0.01505805891975107,144.3401279131672,2021
NC_EllerbeClub,15min,2021-12-26,-0.2619728191689712,-0.65851662102787345,0.12480154807175424,6022.092278653251,0.9989468668510262,-3.4678971174499713,-5.3850846402458314,-1.669036920395751,3312.8761907421754,0.9990164644539956,21.86241801457996,11.790940393986888,31.972562941961325,3170.1510094265454,0.9996389453649572,9.418890416666668,11.283232153738554,0,83.47688222958205,0.1133937420746068,10.298819270833333,0.01275141796475687,144.4558036606209,2021
NC_EllerbeClub,15min,2021-12-27,0.1582918352005938,-0.2280019587927678,0.5480185340816869,3912.904050412428,0.9992394235173254,-3.754317561137841,-5.585243918195375,-1.9895151431990847,2915.892034764772,0.9998299674841206,21.85605318620334,12.306042095721311,31.80853090542612,3166.0916904815435,0.9995634503543942,9.442881979166666,11.227664529760142,0,84.10370611036055,0.1089178394127871,10.32326625,0.01114384850123791,144.6126120084972,2021
NC_EllerbeClub,15min,2021-12-28,0.12060879240841677,-0.2693871484406117,0.5282560006867022,3769.6790222364207,0.998663270059286,-4.478794359489392,-6.557630696874614,-2.380122151927616,2693.4645862841808,0.9995224013191448,22.115839049605327,12.565668441893305,31.7272075902791,2844.722079992301,0.9996116883228172,8.442465,10.423323704676452,0,80.99590149169276,0.10707132215134932,13.583820416666669,0.01048017303464751,144.81049521084722,2021
NC_EllerbeClub,15min,2021-12-29,0.5320390127402281,0.11124495046793983,0.9417171004476228,2949.4461011711305,0.9993316653844256,-5.706052992705759,-8.033647731359778,-3.4490379221659033,2649.414144553574,1.0003539789745015,24.81014372930034,15.55228037928546,34.43240494456159,2699.4916538856955,1.0004848375110131,7.866354375,9.895963739351537,0,79.49053353661002,0.1083147986806076,15.828610416666669,0.01092262334570778,145.04938014746787,2021
NC_EllerbeClub,15min,2021-12-30,0.48520767013725863,0.04233346549406211,0.9197624615483796,2685.5643441329653,1.0007584399047482,-5.841116363832191,-8.320452124357509,-3.311915793723055,1905.8565867458155,1.0006477032503227,23.635699950361012,13.649018951944926,33.49947959982555,1894.0744001992848,1.000854657431949,7.951944791666667,10.04932620707493,0,79.12913391216553,0.11524015029908506,15.111944791666668,0.01347703647489572,145.33020695374037,2021
NC_EllerbeClub,15min,2021-12-31,0.46496836835811906,0.05180463406261311,0.8866346691303496,2925.764834016906,0.9982296392662148,-5.71901704736522,-8.329398289964438,-3.4000682917691374,2317.29464453829,0.9990028329328188,22.6962015732147,13.789242611881866,32.33460401433752,2172.9273355232403,0.999812033013256,7.8562503125,10.002927722174825,0,78.539508938808,0.11464536728488432,15.426872916666667,0.01323221396944237,145.66003371303935,2021
NC_EllerbeGlenn,15min,2021-10-01,1.0711150420657307,0.33730076646517365,1.8252942940901695,2409.653061124908,0.9997287914842152,-5.110306799052813,-7.201194326833425,-3.1055575184488475,1602.947592939382,0.999948676171909,7.311119531937013,4.471381987852904,10.154783508017582,1611.4665481525333,0.9996792254365034,7.356596979166667,8.780099729536106,0,83.78716877690124,0.3516480885754318,22.34493125,0.6033547408491836,263.51162736996037,2021
NC_EllerbeGlenn,15min,2021-10-02,1.3085488951007744,0.5199428151328966,2.102529171860352,2663.0274689490125,0.9992822220971124,-5.62589007039547,-8.024952709207714,-3.2632185719442797,1834.4954219020824,1.0000432427013402,7.109921222835119,4.266771038963935,10.038210911111529,1899.657987762022,0.9990036427011028,7.189201875,8.713752869206166,0,82.50408271740378,0.339011352613117,22.635969791666668,0.5340670221371459,261.192753317011,2021
NC_EllerbeGlenn,15min,2021-10-03,1.513271197793721,0.724835332679836,2.2906475214542343,1950.1457148914449,0.9992409776014668,-5.502692452993106,-7.749913572942085,-3.302938397955273,1448.4888125259008,0.9999818476124644,6.398008640155361,3.620490163615152,9.058740541472377,1526.1813933992726,1.0005284832901031,6.9397911458333335,8.583839681525994,0,80.84716634176013,0.3245166910721981,23.174582291666667,0.46636622520744425,258.87535885490064,2021
NC_EllerbeGlenn,15min,2021-10-04,2.2375969611579634,1.3876128528645897,3.09634503047035,1624.858511258979,1.0018904416909729,-7.569527830473817,-10.203863140504469,-4.7972474474889735,1438.696139355095,1.0011827897940626,6.060326553950343,3.5663831303414866,8.382529093857432,1420.4267506966885,1.000982554508996,6.887517291666667,8.631941569444598,0,79.7910555378079,0.41715639897831475,22.859792708333337,1.4997000776824758,256.5786461116739,2021
NC_EllerbeGlenn,15min,2021-10-05,0.4771052742591617,-0.2550994981197713,1.209928124732063,3212.578575452791,0.9982807170788404,-9.657094404058842,-13.099166591476482,-6.111544899895688,1828.5689206812824,0.9995163726957736,9.13857686434833,5.928099095347306,12.187421454314055,1859.9788410094643,0.9991907266007104,6.388750104166666,8.634406501377411,0,73.99176889746268,0.3864380546618901,23.069513541666662,0.8291518829269396,254.2773936982617,2021
NC_EllerbeGlenn,15min,2021-10-06,0.7751625090182137,0.05068003805382474,1.5214086765207286,2849.2271159801353,1.0007101754433625,-8.227505183428585,-11.41232857487672,-4.9939439805113395,2296.530307375267,1.000254658983802,7.792980666295215,4.754428784786652,10.828520281207444,2320.161772380681,1.0001115932273534,6.191874895833333,8.546709916231617,0,72.44746758134306,0.34945544163432374,23.755555208333337,0.5882819335857306,251.972567795732,2021
NC_EllerbeGlenn,15min,2021-10-07,0.4859285390232787,-0.272159378257259,1.2607148594807789,3399.8943392587753,0.9993464774016976,-7.040803791629837,-9.964749202801697,-3.8506993900981583,2096.29113973728,1.0004777765944954,7.554026534907939,4.3486702617989135,10.608951645180618,1998.9657589820804,1.0004452255422602,6.2954515625,8.556598852788706,0,73.574228157818,0.3348277894971046,23.590972916666665,0.5098207450910432,249.6794858338183,2021
NC_EllerbeGlenn,15min,2021-10-08,-0.3365730926559848,-1.0206350014238832,0.34262351887179304,2479.465311960762,0.9988996363842372,-7.241681901498399,-10.276907355825344,-4.123449548451073,1450.2197570871108,0.9999805270710737,8.548901856084564,5.458458501501344,11.67532209373384,1555.421541346792,0.999900654394888,5.960954166666666,8.584548608778459,0,69.43817827032937,0.3031323753035142,23.240069791666667,0.3854096169583771,247.42754615350677,2021
NC_EllerbeGlenn,15min,2021-10-10,0.31356023736518884,-0.397480078333032,1.06528173156572,3360.743792739668,0.998874789693756,-6.904287988606697,-9.94957414260444,-3.972431671915588,1900.9044110681032,1.0007949162502656,8.17581533441657,4.8135712964811725,11.50853250660246,1873.291890513039,1.0021263073367843,6.810902395833334,8.789102819774644,0,77.49257842915948,0.3654026181473435,21.828747916666668,0.6842346577110003,242.92102344017877,2021
NC_EllerbeGlenn,15min,2021-10-11,0.44103709168040506,-0.2477440891685865,1.149291326444294,2547.7041967297964,0.9984203833458052,-4.431354934761495,-6.499162730168813,-2.407095396482862,2232.2965236654713,1.0016240668178276,8.009570178747003,4.806414013816057,11.03030461676904,2062.739830024376,1.000402965390863,7.409270520833333,8.731608201035638,0,84.8557373423436,0.3422823930002134,22.270765625,0.5484614055903065,240.66839125568495,2021
NC_EllerbeGlenn,15min,2021-10-12,0.3904011874022452,-0.32873004770401415,1.0946079641665405,3850.5547056016153,0.999655278791848,-3.89376302089633,-5.897716209184933,-1.994369072734236,1894.1339925132588,1.000016760081779,7.399421399669181,4.049174930831914,10.396546833226498,1934.0052764592256,0.9997866446600454,7.492465625,8.810271498940205,0,85.04239200688963,0.326927415499258,21.880070833333335,0.46778796554031793,238.4174896922661,2021
NC_EllerbeGlenn,15min,2021-10-13,0.668724822192108,-0.01331176790935674,1.406493593657805,2550.8027225540104,0.9989142562023592,-4.283565576379785,-6.1465369652275985,-2.4721728727391015,1848.7914674701588,1.0006120871407815,7.355181328397117,4.517418249102306,10.321291128818562,1987.0501309087713,1.000544457459272,7.488888958333333,8.801101253803495,0,85.09036247136602,0.33229973696557213,21.878125,0.4979925734420321,236.16930861221303,2021
NC_EllerbeGlenn,15min,2021-10-14,0.614900889343336,-0.132763628014434,1.3597919441434343,2790.5410513003853,1.0000205445020065,-4.614016423227266,-6.648178155956495,-2.5694046944480258,1879.8794164078613,0.9999923806396092,7.561933307694075,4.544155619776724,10.503211082689049,1649.0173767965885,1.000370321300273,7.322152916666667,8.701451034452422,0,84.14864242383739,0.3347226800717967,22.369996875,0.5080804405342062,233.9248418853144,2021
NC_EllerbeGlenn,15min,2021-10-15,0.7563789228949928,0.07081043843143009,1.4800224050932222,2562.3344161628593,1.0002003033126907,-4.321140284040168,-6.238150674937536,-2.4622213503558177,2027.8662677775349,0.9995791057329424,7.306182812472799,4.38026927216,10.170873836500206,2026.7998119725503,1.0004300348977522,7.3619271875,8.619781702850805,0,85.4073506880714,0.3425033292092838,22.786214583333333,0.5493463062124271,231.68508640581737,2021
NC_EllerbeGlenn,15min,2021-10-16,1.2859739163577033,0.4697651426831224,2.073089705630444,2043.3819496253277,0.9984377212304532,-6.123796847798915,-8.574787319503692,-3.65976341964428,1656.600587593773,0.9987718927429372,7.313498067964675,4.391526244908336,10.106882883937857,1624.3513150201886,0.9993632521821332,7.244618125,8.691368568484878,0,83.35416992059419,0.39211316963422566,22.245627083333332,0.9675798369139952,229.45104111643212,2021
NC_EllerbeGlenn,15min,2021-10-17,0.5095711613840375,-0.2114089912802692,1.189795394681302,2373.5864810969993,0.9994852047637612,-6.567712944454404,-9.276833056389387,-3.8220654866680537,2125.2601536038865,0.9984664218439796,7.999848398777617,4.910524678249992,11.072183354023268,2171.7582027467897,0.9986794998542292,7.1480902083333335,9.312246208326073,0,76.76010758760043,0.34601946111230564,19.071039583333334,0.570790397955148,227.2237060357685,2021
NC_EllerbeGlenn,15min,2021-10-18,0.34003820579065824,-0.3971205968956422,1.0429500063782335,2943.105959067681,0.9990415508666228,-5.561804663086414,-8.0168178719233,-3.026154733766107,2090.5119463397527,0.99927552451139,7.614543336394139,4.406486275441341,10.65067990277017,1891.6602023555852,0.9989455444754448,7.434618333333333,9.435282990384016,0,78.79592314200153,0.3346220853714218,18.5101375,0.5096142682792152,225.01499049421935,2021
NC_EllerbeGlenn,15min,2021-10-19,0.7289603524727308,0.00521529073769166,1.4446205599513011,2583.423997527364,1.0002084127670463,-5.495673769656181,-8.062248640974492,-3.0726519480105083,1691.6814282521902,1.002382750482859,6.809750320997065,3.7644776055958458,9.96170647018417,1789.2776487434924,1.0009935023168464,7.401249791666666,9.469464386804688,0,78.15911744681152,0.32316001513002246,18.4661125,0.4511223371570479,222.8538503254052,2021
NC_EllerbeGlenn,15min,2021-10-20,0.3826907208752692,-0.28630567438672094,1.0629220496037066,3561.046585582584,0.9993050295533912,-5.747997977381411,-8.334254586979656,-3.031276350242026,1983.0526714234743,1.002080773447084,7.156583153940334,4.12757110443054,10.23525165149607,1977.436097681972,1.002970775508745,7.1531603125,9.39302003011385,0,76.15399828348177,0.3236811196803519,18.844585416666668,0.45253817815244074,220.71969435272183,2021
NC_EllerbeGlenn,15min,2021-10-21,0.6106526101577836,-0.1533606527000524,1.3220057897834436,2509.45834678666,0.9988495041936452,-5.428078064899326,-8.02492122944198,-2.7693651937535995,1267.8797791075187,1.0018111685912947,6.853653266823679,3.4231961481012396,10.005789510429306,1421.5771966725038,1.001919010360779,7.215555416666667,9.225772819817063,0,78.21085081531135,0.31940392620048147,19.539167708333338,0.43309986115319304,218.614494749868,2021
NC_EllerbeGlenn,15min,2021-10-22,0.9787315064029748,0.29705762673681707,1.681716949667471,2321.365941029732,0.999061561644778,-3.7208866465614214,-5.534897216851789,-1.818368756135571,1670.936605171727,0.9993147748414304,5.857543917766634,3.1682866740971396,8.409826009094102,1792.9239674252758,0.9992567272584252,7.391718854166666,8.940983397872182,0,82.67232501433548,0.31446857187480903,20.900138541666667,0.4106823787261395,216.52019454484844,2021
NC_EllerbeGlenn,15min,2021-10-23,0.7802058580757374,0.05180417958875356,1.5033315430141023,2619.4808048262594,0.998474774533801,-3.8515037407486545,-5.739238611554059,-1.8665757589607757,1769.13248841195,1.000489740687057,6.893372706470631,3.786695058476859,9.75103156698914,1640.642753390137,0.998916541846512,7.876666354166667,9.203072023735697,0,85.58735967568126,0.3219932242683853,19.607152083333332,0.44708129098269744,214.43775245830537,2021
NC_EllerbeGlenn,15min,2021-10-24,0.8597855833287859,0.16953541065856853,1.5724631443159716,2375.236010171625,0.9996327843854216,-4.065224159409817,-5.998226406850401,-2.2922888033976516,1585.7468500322714,0.999269283591286,6.847470224433563,3.898576530230258,10.09034482000244,1663.8520936804723,0.9995236489205545,7.86013875,9.193609241558928,0,85.49568013472785,0.3258412356107588,19.790834375,0.4639533961777956,212.36812231842532,2021
NC_EllerbeGlenn,15min,2021-10-25,1.756651134017882,0.9535593738268996,2.631230794285744,1898.8412114740624,0.9990169880165524,-6.84407351470669,-9.095620366561947,-4.546474814240174,1797.016152968718,0.9991878972467796,6.3039779250379135,4.516205774905966,8.067501156503969,1824.7171481682783,0.9999135621677964,7.668402916666667,9.089521263358728,0,84.36531137871023,0.5499118619101377,19.821039583333334,6.408745272270942,210.3122522313865,2021
NC_EllerbeGlenn,15min,2021-10-26,-0.05362452510568766,-0.7309377212913293,0.6391404095637123,3509.185502562936,0.9987071684186584,-6.689927776173551,-9.217017740210329,-4.0879606652248714,1817.3218159656324,1.0026858988003935,8.684970604395831,5.691575845273188,11.764881645967582,1925.2328808563157,1.0009694425222229,7.6509375,9.330823468559243,0,81.99638033856584,0.4522828146606387,18.407288541666667,1.5681913858346053,208.27108377836117,2021
NC_EllerbeGlenn,15min,2021-10-27,0.3123642314817902,-0.333959452521156,1.006816052821945,2809.8236997365416,1.0004645906753855,-6.170931259008718,-8.753521208251106,-3.736101089716998,2380.438529826833,0.9990626104131984,8.424680079537119,5.317708731081591,11.632973013409265,2565.970288222166,0.9987582731843164,7.550659166666667,9.46355351783144,0,79.78672231777993,0.35494535322913573,17.906388541666665,0.6186045282370608,206.2455512319571,2021
NC_EllerbeGlenn,15min,2021-10-29,0.5264424449708767,-0.2250034600487213,1.2465419196845873,2832.0904202818274,0.9990730439893184,-5.860149321970125,-8.012238844034144,-3.680000661314815,1466.911964431907,0.9996319341252616,9.310855295793624,6.2988541200263395,12.369110890934714,1724.8481669879918,0.9996360828432992,7.71059,9.146704365568027,0,84.2991059055745,0.38663429749052414,19.020139583333332,0.8428383458824039,202.24508992145311,2021
NC_EllerbeGlenn,15min,2021-10-30,0.13251687860041783,-0.5425547293057944,0.7872752944405399,3881.5208508584224,0.999059585415258,-4.363202367921229,-6.5148868509975495,-2.186126820984158,1778.9116167666634,1.0003680307907177,6.912819451056224,3.7453422658171736,9.783117287287762,1820.917768405781,0.999446458055412,7.482534791666667,9.377258525889118,0,79.79448120160684,0.3325939532349944,17.965554166666667,0.49896596412636474,200.27198651325625,2021
NC_EllerbeGlenn,15min,2021-10-31,0.15651690447507882,-0.5364553314026205,0.846532271747802,3305.5799944076603,0.9998323773184488,-3.944142349025245,-5.943543424185829,-1.9582730518759175,2313.420023061013,0.998381860009706,6.4884794669019215,3.5540466598917337,9.431642866844742,2168.510442700695,0.999330723369078,7.5947221875,9.384605255908916,0,80.92745491578418,0.32607952314962535,18.38645625,0.4655167206102086,198.3242626462089,2021
NC_EllerbeGlenn,15min,2021-11-01,0.30339087088449734,-0.3873401472854161,0.9614988122335922,2789.9755211074403,1.0013543288369902,-4.5437801375605495,-6.781452550442204,-2.2189413681648484,1626.7163587490118,0.9997418165786732,6.687965070002152,3.6832563630029966,9.713507235091226,1521.9816953904683,0.99905376510466,7.756978958333334,9.592130045115656,0,80.86815881195453,0.3213755144053798,17.7911125,0.4415064170633381,196.4287593204596,2021
NC_EllerbeGlenn,15min,2021-11-03,0.9641653893256344,0.2541757312941047,1.6979079246413358,2872.922050995745,0.9984197055831232,-4.482544881263571,-6.7273056654486085,-2.209541677892098,1560.7000330419455,1.0015009071472445,3.8471098143387334,1.6972508934323007,6.1158778252085995,1613.5416245065614,1.0024208256310294,7.350937604166667,9.870214511047784,0,74.47596600802063,0.32004712223136783,16.621879166666666,0.43628550339282696,192.69859576283807,2021
NC_EllerbeGlenn,15min,2021-11-04,0.5031260795092778,-0.16212209892976523,1.1800105907892118,3482.1707901712593,0.998366829345871,-6.442583491494593,-9.883756640699024,-3.2270930072430786,2624.7706508892948,0.9988446705691776,5.979708995255439,2.951071176026343,9.215781993514804,2401.481599666653,0.9988727377563094,6.658055729166667,9.935030817556918,0,67.0159544689155,0.33531680802689956,16.253682291666667,0.5158970626962709,190.87334634533863,2021
NC_EllerbeGlenn,15min,2021-11-05,1.5581904001932954,0.870855011497769,2.2617453533031817,3286.893180178946,0.9993415109557852,-2.7665143484510084,-4.2134054849978275,-1.2904804508582066,3125.215627397919,0.998600623530578,2.744140138199416,0.8383674124251976,4.796507260892652,2070.370344746957,1.0001774773419898,8.277986354166666,10.287913738027074,0,80.46321698410883,0.31546401247948125,14.719095833333334,0.419407498860248,189.1014039512439,2021
NC_EllerbeGlenn,15min,2021-11-06,0.8369890330556125,0.14298830056990106,1.4834091031029568,2608.991287184508,1.0000290745659677,-3.638860329478243,-5.374103788033446,-1.9923066276000905,2152.1789058565137,0.9997566104997552,6.788151221144749,3.8755816892066552,9.62887653863742,2028.855428183131,0.99955225450668606,8.8730903125,10.245513060109566,0,86.60464596006392,0.3157598491000352,14.690628125,0.4183220207637801,187.35272721066977,2021
NC_EllerbeGlenn,15min,2021-11-07,0.8498661965829897,0.10071194423328048,1.5097210328370063,2983.1380440634707,1.00104726318366,-3.504950595447392,-5.2843769233573,-1.6554073516737713,1921.4566213045573,1.0051383855145404,6.271121488323277,3.2673141744512,9.211039134109363,1722.033490792266,1.0058670194739594,8.658263958333333,10.079546317831571,0,85.89934194772368,0.32351247114106707,15.304373958333333,0.4537475423360055,185.62810429929308,2021
NC_EllerbeGlenn,15min,2021-11-08,0.7066516942018363,0.03935130116029153,1.3550044448216416,2908.736453833802,1.0018856945499777,-3.9334818376786127,-5.718649503439184,-2.103353548896023,2120.7440633000856,1.0031123846955077,6.438630491825279,3.678042948697837,9.333167976885584,2004.4338808377656,1.001638343191186,8.571423645833333,10.16254113189818,0,84.34331073878118,0.3261276441495771,15.116246875,0.464602323300684,183.92830953928677,2021
NC_EllerbeGlenn,15min,2021-11-09,0.8826025445076853,0.22221478153091895,1.5469017069994726,2923.2562816663803,0.999703715479225,-4.09325250332509,-5.980024263649865,-2.1921127664740827,1974.206144152168,0.9984366121204654,6.355084288642641,3.621341829567095,9.109095137977702,1967.9564322762312,0.9985479123312953,8.437083229166667,9.994716965269015,0,84.41542925612579,0.3287111355641307,15.855211458333333,0.47861324981759246,182.2541030009525,2021
NC_EllerbeGlenn,15min,2021-11-10,0.7815287475189137,0.08461195309763889,1.4226594335093727,3022.6245351289203,0.9985676667503904,-4.257524434174789,-6.277158731399841,-2.34596297561457,2339.790898730919,0.998773279196116,6.582637452992125,3.757736596947089,9.580438676947924,2589.6091195240288,0.998493148162104,8.167013541666666,9.783481505360184,0,83.47757939944093,0.3303582016282607,16.798130208333333,0.4847485607976282,180.6062301480649,2021
NC_EllerbeGlenn,15min,2021-11-11,1.363183774692598,0.6878596796789928,2.083054035489091,2269.8952171653686,0.9992170192617166,-5.605818736489509,-7.785724034133513,-3.4518525904915727,1777.799101324228,0.9994576334934776,6.887772581709328,4.072219845077984,9.797223853352865,1771.345904469423,1.0011961355439938,7.903159791666667,9.6451352242237,0,81.93933633836392,0.32347552778413635,17.377147916666665,0.451269820594068,178.98542150150857,2021
NC_EllerbeGlenn,15min,2021-11-12,0.4736313629565042,-0.2052587182770535,1.1309717642823949,2630.311908590493,0.998845895176972,-5.5641268693744905,-8.3086326073144,-2.768185821003804,2052.487910013031,1.0030065850760068,5.997076866565963,3.2089068117523363,9.098991842523889,2098.2850676432927,1.0043568293688716,6.866076770833334,9.401677995360163,0,73.03033324712696,0.3316363573863915,18.431247916666667,0.4943349842039339,177.39239233556987,2021
NC_EllerbeGlenn,15min,2021-11-13,0.7334430344615668,0.06041900255164389,1.4136016758103085,2931.7203956480116,0.9989619908101942,-6.367056076686836,-9.114483046214657,-3.569358376541715,1777.0770215410903,1.0005792055701297,6.40749793918666,3.632249836591562,9.2589176551959,2045.2440271751768,1.0003751260544338,7.220451354166666,9.88253875922702,0,73.06271728431274,0.3315157680109307,15.989096875,0.49421699745431785,175.82784240412508,2021
NC_EllerbeGlenn,15min,2021-11-14,0.5772355613984994,-0.0728830962045208,1.2791226751295997,2846.920302120529,0.9986567189236653,-5.973415374716542,-8.580051521576815,-3.2484206785896177,1479.5363591135251,1.000919830550593,6.991410192371093,3.915972576012821,9.746498262829457,1477.0700320408794,1.00156570056689,7.607881666666667,10.205692790759317,0,74.5454700885684,0.3369186426060683,14.530966666666666,0.5199381088706213,174.2924556895555,2021
NC_EllerbeGlenn,15min,2021-11-15,0.4306511880474357,-0.26661946257987046,1.0944836297182885,3100.551793353171,0.9999797999622864,-5.0887691126042185,-7.505719291156856,-2.609588094379418,2689.738472328988,0.9989374118530348,6.028548021838004,3.240584642745606,8.876921372216263,2772.986049615451,0.9998489053071706,7.701701145833334,10.353395753860498,0,74.38816528346828,0.33294312112041896,14.103403125,0.49790408337982006,172.78690018120858,2021
NC_EllerbeGlenn,15min,2021-11-16,0.7719910736058097,0.11856914083570814,1.4353728260082137,2750.436067551589,0.9984014762130652,-5.766938091849449,-8.105198050343109,-3.4180462277950783,1983.1802930867696,0.9994731978119632,7.236580855746158,4.391395094168889,10.274646141214124,2036.225647308678,0.9996590431719538,8.173958125,10.360600693274272,0,78.89463523390337,0.3429324564882089,14.236455208333334,0.5538003060104337,171.3118276790449,2021
NC_EllerbeGlenn,15min,2021-11-17,1.0408856091452394,0.34530541293377576,1.750602169038424,2843.501341365995,1.0001564091377966,-6.446534335108004,-8.95649308148096,-4.085110018396601,1841.977983423758,1.0008521830491006,7.217286121833649,4.424365579644981,10.043358792164968,1817.214188480803,1.0001454900036757,7.84375,10.030752070951028,0,78.19702794484805,0.34415323183342544,15.779513541666669,0.5593751799297931,169.86787361903032,2021
NC_EllerbeGlenn,15min,2021-11-18,1.023761272562052,0.3366525801069496,1.6636475589235031,2789.3334994095517,1.000827953340933,-6.478617865023544,-8.969028121994956,-3.6438844649463737,1930.660469367614,1.000675622767439,6.519196767694501,3.69474458617104,9.207774333204512,1883.398985520247,1.0002283720638008,7.3306946875,9.745910614454424,0,75.2181604931575,0.3397179029073945,17.02791875,0.5335950751386815,168.45565692802464,2021
NC_EllerbeGlenn,15min,2021-12-01,-0.16126078652525166,-0.8157844497289757,0.5209108935112156,2900.5963189028407,0.99955522116261,-1.8279158405324885,-3.2445569604953532,-0.477776711874513,2208.326253205837,1.0017031093466735,6.845572640691248,3.722867712223062,10.053001056046808,2232.695735203264,0.9991705405229412,9.806944270833334,10.705668687665646,0,91.60515383903332,0.3186678046659987,12.6538875,0.434722178960414,153.79244595191776,2021
NC_EllerbeGlenn,15min,2021-12-02,0.18500668844025037,-0.46953127509325,0.8230539275624104,4285.791609880233,0.9994226796109036,-2.189470774170698,-3.634822869574153,-0.7867842599408671,2191.177847988183,0.9989709034817216,5.9322063011661506,2.8802975778077595,8.969364240485302,1742.7054953728373,1.002575794398214,9.207847291666669,10.219923804013924,0,90.097024872634,0.3246568886382794,14.44125,0.4627735286816349,152.91616334372642,2021
NC_EllerbeGlenn,15min,2021-12-03,1.262274267225723,0.6106487042871149,1.9421985044654044,2639.3157579594304,0.9988586841955036,-3.4574916003288005,-5.036613595627703,-1.885994582470324,1935.5542448324757,0.999709476173592,5.223540894014207,2.567350182722759,7.751464817641341,1805.9326153078375,1.0001919911214043,8.912482291666667,10.183019608561818,0,87.52298074898243,0.32030686438113576,14.705761458333331,0.4369639272031194,152.07727048653965,2021
NC_EllerbeGlenn,15min,2021-12-04,1.988130566880883,1.2853528197909063,2.6808032840216436,2435.215537908564,1.0000163644138105,-4.119074005523354,-5.695399792665047,-2.5028180352109426,1961.480404841174,0.9991463557639628,5.84539085028406,3.39083928306366,8.159568166729406,1877.9053802129288,0.998949953503565,9.026112916666667,10.185925545226713,0,88.61357641570874,0.32154508489789885,14.841525,0.44253880112247873,151.2761074715194,2021
NC_EllerbeGlenn,15min,2021-12-05,1.5901009906500758,0.9343505768447494,2.277278144163554,2754.2813964359357,0.9991669308999286,-4.058859946347972,-5.592383684893855,-2.4111446490667463,2152.7682286397826,0.9998819681243256,5.683557388621373,3.19793975924118,8.100430931566452,1921.8577554792355,1.0006883602624108,8.805694583333333,10.232212629033874,0,86.05855744579817,0.3218124200218429,14.778888541666667,0.4443380990541238,150.5240673108318,2021
NC_EllerbeGlenn,15min,2021-12-06,1.6304724907673205,0.9372474264638108,2.3190647399327236,2114.788211863969,0.9996664029914594,-3.9136841197338303,-5.5019355702337895,-2.33973100535032,1754.1103876261873,0.9997917361226462,5.76849964787027,3.1632700298584853,8.108533768929457,1688.3147877440222,0.9997655547131062,8.629409791666667,9.915609822969673,0,87.02853324942757,0.31407212806820395,15.879095833333333,0.4082636503590101,149.8288753901714,2021
NC_EllerbeGlenn,15min,2021-12-07,1.7404069954230488,1.061014182582753,2.439122806768538,2503.651844804946,0.9992166338214572,-3.7492892083906417,-5.280934357327958,-2.142629252598837,2057.108031929794,0.998876357137709,5.878052692967964,3.5018211025333232,8.306841789487784,2228.5532576689648,0.9996074702952384,9.118436770833334,10.412213978079084,0,87.57442739873048,0.30866243674086424,13.894929166666667,0.38864835323533825,149.17172261093012,2021
NC_EllerbeGlenn,15min,2021-12-08,0.9751947336295788,0.3496626070079426,1.60119147131483,3197.254632900879,0.9988472767202858,-4.2581322086529365,-6.196775089254912,-2.239758113739505,2213.6146623079817,0.9984208688635394,6.077879566115744,3.2087819652636904,8.908482390344947,2118.1328190887752,0.9982070526540624,8.734895520833334,10.533923417392655,0,82.92157797930322,0.33436964436225775,13.165352083333334,0.5166049831939673,148.55286888547582,2021
NC_EllerbeGlenn,15min,2021-12-09,1.6972459963969326,1.059207480566141,2.3671546688675815,2538.300722869798,0.999308182462772,-4.196861246182518,-5.693298090276002,-2.6475389067553348,1817.652646046582,0.9990906856682144,5.1592078182997065,2.878295010623943,7.348075622456792,2238.272151378133,0.9986356889697572,9.455488229166669,10.952734044496896,0,86.3299354366912,0.3415631728287237,11.763128125,0.551027617394456,147.9725584700535,2021
NC_EllerbeGlenn,15min,2021-12-10,1.2887784291401014,0.6677837076622974,1.9325980169000696,2926.72569434035,0.9991396035770348,-4.362565388597936,-6.028325678273452,-2.6806682058384173,2201.5905679566913,0.9992930833954252,6.914127632205099,4.196173511023846,9.461404539776618,2247.5267992640574,0.9990909787898636,8.855659166666667,10.584591248328774,0,83.66557535289715,0.2850661700469775,13.118745833333334,0.3138329553037876,147.43102003258326,2021
NC_EllerbeGlenn,15min,2021-12-11,2.0266496484634864,1.2956361510649816,2.6711475209362625,2079.77257505682,0.9999561619991544,-5.189249967265067,-6.973043206161828,-3.3691743401317793,1778.3130600380866,0.9997160173853936,6.537107732601467,4.386109646778173,8.884625368671848,1845.211413346116,1.0000375743851024,8.464756041666666,9.807165645226169,0,86.31195136167659,0.35550576337122153,16.357502083333333,0.7147637291741588,146.92846673029675,2021
NC_EllerbeGlenn,15min,2021-12-12,0.09030186574185416,-0.522616157352135,0.726920756278341,3319.50899763026,0.9997704864839548,-6.12071207367757,-8.903710053193812,-3.30696105140866,1654.5752047488886,0.9997048548388936,7.076088805853789,3.819286400180294,10.282499119825015,1642.1348744602742,0.9999133391413082,8.073437916666666,10.733331859126231,0,75.21837601436002,0.36692015132662753,12.781460416666668,0.7071535838239221,146.46509627367217,2021
NC_EllerbeGlenn,15min,2021-12-13,0.8786259655854167,0.23558829444360704,1.498485009657918,2976.0132540557925,0.9985221509547246,-4.133649319529015,-6.038126600098044,-2.1114869441872735,1855.345267753221,0.9994169841097325,6.053218929033831,3.160623993645978,8.745566131872165,1675.2967652708896,1.0002337406410695,9.055277291666666,11.042487508152112,0,82.00396228641065,0.32292918361821066,11.648821875,0.4506208934711796,146.0410909938625,2021
NC_EllerbeGlenn,15min,2021-12-14,1.0966452638288289,0.42369087327041693,1.7361964164741428,2818.697654180706,1.0001312919383318,-3.973151685891293,-5.740898103167229,-2.2179005312217193,1799.3926931232488,1.0007684591005983,5.829003167796268,3.2203779914795687,8.52589102419985,1994.2960990876163,1.000540017707851,9.2155875,11.009339098257133,0,83.70700019094608,0.3220454640798508,11.895628125,0.44483954273999216,145.65661790262004,2021
NC_EllerbeGlenn,15min,2021-12-15,1.3627699182407087,0.73542681868967,1.9932549317673884,2220.7217527543285,0.9995512743165584,-4.161013117815157,-5.829411434132492,-2.5174195254306397,1737.821159235249,0.9985140149483418,6.5746616475493145,3.97672071852968,9.166694842088,1840.715803885568,0.9997751563744348,9.3296875,10.913243763074515,0,85.48959138590348,0.30694235333936876,12.232639583333333,0.3772036385225794,145.3118287488227,2021
NC_EllerbeGlenn,15min,2021-12-16,1.3691934915879689,0.7067216134170108,2.047493720465529,2475.064723066233,0.9993716633590908,-4.71025010222194,-6.324451443692218,-2.9709781331926366,1731.2968333061783,0.9997919582920558,7.462309592839656,4.806481806017939,10.109785984098783,1680.0836048727558,1.000589127100054,8.985278229166667,10.644714612055724,0,84.41070105336921,0.290811290832522,13.025003125,0.32236929663851027,145.00686006882043,2021
NC_EllerbeGlenn,15min,2021-12-17,1.698286423817693,1.0528696015739878,2.369598026121264,2503.7663404062228,0.9991955483743316,-3.815787806593923,-5.331497201940471,-2.2298377410913437,1849.3016147133285,1.000589563243446,4.881111451389487,2.4219183470383814,7.292505305972108,2125.506652361445,1.0005010482017886,8.6435415625,9.960568344859004,0,86.77759404121986,0.31672673164696696,15.982291666666669,0.42180262987745426,144.74183323270574,2021
NC_EllerbeGlenn,15min,2021-12-18,1.2008886597738633,0.595537182519327,1.8685856704782495,2066.448970776089,0.9999986782286484,-4.368683021141322,-6.255150245275175,-2.4211391473236774,1594.744538041774,0.999064508806018,5.930345896859468,3.0107134469579013,8.527140295753105,1511.156757980658,0.9984779252403828,8.096180520833334,9.69513743763223,0,83.50764053542498,0.32082608062935,16.988960416666668,0.4391761787584207,144.51685447981708,2021
NC_EllerbeGlenn,15min,2021-12-19,0.34957075110382907,-0.28124812135040167,0.9919335616911972,4049.3942070584367,0.9996528913039816,-6.1381993241469655,-8.649009249779635,-3.7772015206577016,1954.489442410222,1.0018024404963766,8.922946120842088,6.0832971642789335,11.782663842497914,1813.9584241880907,0.9999755222403224,8.487500208333334,10.320193816970106,0,82.24167451561651,0.4788123197023392,14.3470125,2.3769020643905607,144.33201495437993,2021
NC_EllerbeGlenn,15min,2021-12-20,0.4581547137788702,-0.16854606837425332,1.084217129195631,3301.591530135175,0.9985625756446672,-4.019645136182255,-5.81056324505824,-2.299007754960638,2069.6329625556905,0.9995870935662872,8.18093861182981,5.17301401934818,11.178825578502074,2341.5633384276393,0.9999907978969498,9.7054859375,11.17262452230685,0,86.86845170642212,0.3641730859897148,10.975004166666666,0.6814619690950227,144.18739072859628,2021
NC_EllerbeGlenn,15min,2021-12-21,0.3489062586498539,-0.28663556656478717,0.9454837437689686,3031.282240257535,0.9989294063395796,-3.898507314311283,-5.594734600405775,-1.952379507924708,1840.342596409568,0.9988325942957796,8.471133319975726,4.9948891835023765,11.667487941760388,1777.7387185170587,0.9983553838750004,9.566423854166668,10.994967678604594,0,87.00729400762343,0.3557140642496721,11.140833333333331,0.6641769102762684,144.08304282056545,2021
NC_EllerbeGlenn,15min,2021-12-22,0.3768278858373434,-0.29266186145885437,1.048507837393569,2615.112495559209,1.0001769924328654,-4.184113419400491,-5.960996368797864,-2.402165712443644,1921.4807069760209,1.0016523144227023,8.723291238995312,5.671843168336093,12.036006991959702,1999.6098967931869,1.0007101139571024,9.84239875,11.20442870895034,0,87.84382502373974,0.37949943746727494,10.2818746875,0.8041681886957367,144.01901720744235,2021
NC_EllerbeGlenn,15min,2021-12-23,0.6523951527178866,0.01469469728095716,1.240809697856716,2573.3583270465406,0.9984518242814676,-2.8489961988504113,-4.520139517601544,-1.221534217306674,2103.6522609713707,0.9992367710221846,6.470691697329848,3.4769509344860556,9.400924647573632,1821.9476109839743,1.0005355381579089,9.997673333333331,11.383669730342325,0,87.82469599135752,0.32139902539808507,10.082360833333333,0.44153591375074214,144.0049119602612,2021
NC_EllerbeGlenn,15min,2021-12-24,0.7775411591416745,0.13708733516454294,1.4239280098755387,3177.829438398295,0.9993609622735226,-2.824999890085933,-4.1800474934636815,-1.4533503309712938,2625.28200901165,0.9988576535891966,6.466787648141103,3.627617231073839,9.430320538082215,2510.7823937916896,0.9991164853796356,9.946077291666668,10.967182286408493,0,90.68944996011172,0.319371849265801,11.493820520833331,0.433011371090981,144.03877769479956,2021
NC_EllerbeGlenn,15min,2021-12-25,0.946757864463333,0.28327932702280184,1.5904336948897828,2984.003471360641,0.9994949451234542,-3.068158925703077,-4.672778684074581,-1.5251554991702048,2585.974123933139,0.9997886478327928,6.54062396251892,3.622459279132979,9.345604269096958,2021.123796617534,1.0024797020215763,9.235416666666667,10.247491173494163,0,90.12368501038289,0.324372731079993,14.107846875,0.4580835553843961,144.1138666156427,2021
NC_EllerbeGlenn,15min,2021-12-26,0.875167884450031,0.23600186139608803,1.526462424692565,2510.40431459458,0.9999167561579524,-3.0958658017761547,-4.562782613867741,-1.6038210369552846,2267.2752987547997,0.9996817869450116,7.009414003262008,4.292512309067447,9.858014895235115,2464.5727101485513,1.000591158956832,9.100867708333332,10.242311888970203,0,88.85560024913833,0.3066437331419066,14.390207291666666,0.38268707271098623,144.23015118159972,2021
NC_EllerbeGlenn,15min,2021-12-27,1.1593252468923094,0.5326978612775055,1.805373300599751,2424.642033668948,0.998723307205558,-3.0655281714039937,-4.402397020548986,-1.7151056097704405,2195.595897261536,0.9990749752389688,6.722021749091134,4.1050979715721745,9.47288549848858,2196.501083594246,0.9991369844973776,9.317464583333331,10.25517398181391,0,90.85623120442938,0.30731645364978727,14.241389583333332,0.3837165071013865,144.38758855331363,2021
NC_EllerbeGlenn,15min,2021-12-28,1.2157896482568624,0.5735538246567145,1.865006959175593,2950.2318298405053,0.99948187772493,-2.9149736796821193,-4.365451287547837,-1.4414895398943477,2309.828054530796,0.9994850003667648,6.140483121202072,3.4659035281017143,8.848060112765703,2370.751337008678,1.0000604979412528,9.058194583333334,9.924441600875534,0,91.27157927489058,0.30975775226116675,15.674658333333332,0.39112607497727575,144.5861205600411,2021
NC_EllerbeGlenn,15min,2021-12-29,1.38819672352348,0.746296533927716,2.0433688347812136,1648.5086107690763,1.0000925702079948,-3.501275564411825,-4.918838582191368,-2.0306686325466945,1287.0111048493425,1.000769873342242,6.924446442807177,4.0768325688005005,9.638913119321831,1170.8117676549236,0.9989947872055464,8.611285208333333,9.55406376109662,0,90.13217227414574,0.30742408188424575,17.485211458333332,0.3797993470141329,144.82567366307933,2021
NC_EllerbeGlenn,15min,2021-12-30,1.2738571447087468,0.6555908865737461,1.914144547891699,2030.196541515157,1.001015256164974,-3.8719631116719246,-5.441877543355259,-2.250844079161628,1683.074798713537,1.0042830012702917,6.74274374430782,4.094896116226565,9.41853670190194,1831.4701258521056,1.0039167297297935,8.319166354166667,9.488945878518908,0,87.67218678103762,0.31930106035552847,17.830070833333334,0.43495815245964614,145.10615890989382,2021
NC_EllerbeGlenn,15min,2021-12-31,1.260422798995006,0.6026973926084093,1.9195513639926092,2153.7317037492494,0.999851786032026,-3.083252817612198,-4.655075723180722,-1.6524402111684298,1993.3867939839024,0.9997630450116624,5.409538019986298,2.76107890710754,8.069546006659019,2136.2930231328924,1.001998964233129,8.4590975,9.498787493532213,0,89.05449780574475,0.3177968756997949,17.874723958333334,0.42593216611401674,145.4328294420216,2021
