date,GPP.daily,GPP.daily.sd,GPP.daily.grad,ER.daily,ER.daily.sd,ER.daily.grad,K600.daily,K600.daily.sd,K600.daily.grad,minimum,iterations,code,code.str,warnings,errors
2020-10-01,0.5520926395760825,0.012910913093952625,0.00813688552980806,-1.6648547786303645,0.03655604617776169,-6.266112677621999e-4,6.1972139153615275,0.1757930149504691,-5.899667883113574e-4,-180.40486372764448,23,2,"successive iterates within tolerance, current iterate is probably solution",,
2020-10-02,0.3633843857688259,0.013932737250348484,0.0010422009921740019,-0.7235862533790122,0.04076222734089705,8.798508588370162e-4,2.0261254771459716,0.19520271998651406,1.4422028016269895e-4,-122.79565372077232,24,2,"successive iterates within tolerance, current iterate is probably solution",,
2020-10-03,0.38319496224304783,0.01176650184488136,2.838618229361598e-4,-0.6938742973187293,0.024960355591594176,4.2136321098951125e-4,1.7977397986822714,0.13642728467872076,2.0864376892859565e-5,-137.71683131032893,27,2,"successive iterates within tolerance, current iterate is probably solution",,
2020-10-04,0.514362772614925,0.014769484863589404,-2.648183006215274e-5,-0.8155238341193176,0.024908231822184882,-1.718505870940133e-5,1.954129801881508,0.14716566417250687,-3.279978955106341e-6,-114.20952935604488,31,2,"successive iterates within tolerance, current iterate is probably solution",,
2020-10-05,0.4152440005108138,0.014066203187828752,-0.00159685933809328,-0.6990867705756354,0.03525478731109707,-1.9969706954725533e-4,1.0313740930461668,0.17173405595646501,-1.7003490881961609e-4,-115.54582014515839,25,3,last global step failed to locate a point lower than estimate. Either estimate is an approximate local minimum of the function or steptol is too small,last global step failed to locate a point lower than estimate. Either estimate is an approximate local minimum of the function or steptol is too small,
2020-10-06,0.5197164251631609,0.018007103808910574,-0.001018861439661122,-0.8202060957955001,0.036135513321382026,-6.427114840334974e-4,0.9974612367771016,0.16646603354151987,-2.0131096789555142e-4,-95.62590105688405,28,2,"successive iterates within tolerance, current iterate is probably solution",,
2020-10-07,0.4825905995213582,0.020979722782831885,-3.2898839208428365e-5,-0.5536787873099479,0.05296694312582526,-2.3465304366254693e-5,-0.2093659471868143,0.19778190373118215,-6.8348029458320466e-6,-77.72411073976117,31,2,"successive iterates within tolerance, current iterate is probably solution",,
2020-10-08,0.21460981037109356,0.02695127866631085,-0.03799386802061374,-0.029000860353456663,0.12678681722790294,-0.035663335882674084,-0.5411784336207025,0.3368593741344697,-0.014516016925369956,-52.62675906092361,32,3,last global step failed to locate a point lower than estimate. Either estimate is an approximate local minimum of the function or steptol is too small,last global step failed to locate a point lower than estimate. Either estimate is an approximate local minimum of the function or steptol is too small,
2020-10-09,0.49943787775218135,0.028236454024969902,0.09344519625198434,-0.04346227480130924,0.06535818314259978,0.06601163042319053,-1.048439331396896,0.18329260262131516,0.026204170570309746,-56.321608578094036,43,3,last global step failed to locate a point lower than estimate. Either estimate is an approximate local minimum of the function or steptol is too small,last global step failed to locate a point lower than estimate. Either estimate is an approximate local minimum of the function or steptol is too small,
2020-10-10,-11.017801358114172,NA,8.754872387037499e-6,-318.0487537002386,NA,9.583569439782773e-6,731.8401057039368,NA,4.297641930091583e-6,-142.03200749183935,51,3,last global step failed to locate a point lower than estimate. Either estimate is an approximate local minimum of the function or steptol is too small,NaNs produced; last global step failed to locate a point lower than estimate. Either estimate is an approximate local minimum of the function or steptol is too small,
2020-10-11,-0.02589403339741839,0.010050260870611314,-0.0012326037257537324,-0.35988078933293305,0.05624151354041001,-6.301321491264383e-4,2.552898144747233,0.16461678967939708,-1.8990996863976745e-4,-200.05157560610425,30,2,"successive iterates within tolerance, current iterate is probably solution",,
2020-10-12,0.13363687970001245,0.009446464825453239,-2.916888064419251e-5,-2.0510875773984996,0.10019089948525002,-1.1114877906948085e-5,10.476479713747716,0.530636611611396,-1.6369134962017186e-6,-297.62494421703303,27,1,"relative gradient is close to zero, current iterate is probably solution",,
2020-10-13,NA,NA,NA,NA,NA,NA,NA,NA,NA,NA,NA,NA,NA,,NAs in DO.sat
2020-10-14,NA,NA,NA,NA,NA,NA,NA,NA,NA,NA,NA,NA,NA,,NAs in DO.sat
2020-10-15,NA,NA,NA,NA,NA,NA,NA,NA,NA,NA,NA,NA,NA,,NAs in DO.sat
2020-10-16,NA,NA,NA,NA,NA,NA,NA,NA,NA,NA,NA,NA,NA,,NAs in DO.sat
2020-10-17,NA,NA,NA,NA,NA,NA,NA,NA,NA,NA,NA,NA,NA,,NAs in DO.sat
2020-10-18,NA,NA,NA,NA,NA,NA,NA,NA,NA,NA,NA,NA,NA,,NAs in DO.sat
2020-10-19,NA,NA,NA,NA,NA,NA,NA,NA,NA,NA,NA,NA,NA,,NAs in DO.sat
2020-10-20,NA,NA,NA,NA,NA,NA,NA,NA,NA,NA,NA,NA,NA,,NAs in DO.sat
2020-10-21,NA,NA,NA,NA,NA,NA,NA,NA,NA,NA,NA,NA,NA,,NAs in DO.obs; NAs in DO.sat
2020-10-22,NA,NA,NA,NA,NA,NA,NA,NA,NA,NA,NA,NA,NA,,NAs in DO.obs
2020-10-23,NA,NA,NA,NA,NA,NA,NA,NA,NA,NA,NA,NA,NA,,NAs in DO.obs
2020-10-24,NA,NA,NA,NA,NA,NA,NA,NA,NA,NA,NA,NA,NA,,NAs in DO.obs
2020-10-25,NA,NA,NA,NA,NA,NA,NA,NA,NA,NA,NA,NA,NA,,NAs in DO.obs
2020-10-26,NA,NA,NA,NA,NA,NA,NA,NA,NA,NA,NA,NA,NA,,NAs in DO.obs
2020-10-27,NA,NA,NA,NA,NA,NA,NA,NA,NA,NA,NA,NA,NA,,NAs in DO.obs
2020-10-28,0.47022011170251066,0.011359569447960677,-2.750120842165413e-4,-1.621439084784034,0.05449068134343417,-1.063769445863726e-4,3.064912014867131,0.1586789914704503,-2.3713496943855696e-5,-152.99817608346825,29,2,"successive iterates within tolerance, current iterate is probably solution",,
2020-10-29,0.384794654073153,0.026083535640546676,-0.002128067615458915,-2.5101760938453235,0.2480217139118322,-5.817057342483162e-4,3.772627072058055,0.4943556573405433,-2.540770935866019e-4,-101.5866125785502,25,3,last global step failed to locate a point lower than estimate. Either estimate is an approximate local minimum of the function or steptol is too small,last global step failed to locate a point lower than estimate. Either estimate is an approximate local minimum of the function or steptol is too small,
2020-10-30,0.4052342868235031,0.021530804573319864,-9.77351533038017e-6,-2.592344972928712,0.09542577601900325,9.094947017729275e-7,8.165439731510732,0.2528854395988805,9.805489753489374e-7,-139.79471623767643,22,1,"relative gradient is close to zero, current iterate is probably solution",,
2020-10-31,0.3582354995413136,0.006024263217572353,-1.0352755097642319e-4,-1.5886983783668578,0.03110997675198723,-7.632178267158445e-5,4.931950731466245,0.11010967086822854,-1.8440971416566737e-5,-228.55101776315368,30,2,"successive iterates within tolerance, current iterate is probably solution",,
2020-11-01,0.08255958971088448,0.017668584645214654,-0.0013909655649513286,-0.30509606283039353,0.08703276786478029,-0.01983136712624399,1.415240240206685,0.38307053359938237,-0.004415245768996098,-110.93049430684746,35,2,"successive iterates within tolerance, current iterate is probably solution",NA/Inf replaced by maximum positive value,
2020-11-02,0.3147991155167984,0.0073094717053755545,-8.27032842209973e-5,-1.0316699427635108,0.023439205612274628,3.2472328825861014e-5,6.9129533143070825,0.1391610806683801,4.348194693193359e-6,-222.35349233128878,24,3,last global step failed to locate a point lower than estimate. Either estimate is an approximate local minimum of the function or steptol is too small,last global step failed to locate a point lower than estimate. Either estimate is an approximate local minimum of the function or steptol is too small,
2020-11-03,0.33002618510612863,0.015272917432117302,-1.9097790016076016e-6,-0.9405292895885382,0.03561177338185354,-1.8352039887759003e-6,5.714303858624078,0.24883514360837053,-2.4007817955862244e-7,-142.67836228535123,33,1,"relative gradient is close to zero, current iterate is probably solution",,
2020-11-04,0.3790388226440865,0.008250404148107637,-1.409510375083299e-4,-1.1171824133262063,0.01936691687521863,-4.3643143499139076e-4,5.811238615222977,0.13011852294043516,-5.660201907176083e-5,-201.14535839391544,22,2,"successive iterates within tolerance, current iterate is probably solution",,
2020-11-05,0.43014437527296073,0.010672808455806107,-4.316547119742605e-6,-1.0962506887458785,0.021444013896068117,-3.723243935382922e-6,4.356841146333534,0.14559928507142406,-1.1993961379630483e-6,-165.96411257861013,27,1,"relative gradient is close to zero, current iterate is probably solution",,
2020-11-06,0.5259865668163857,0.011354400810881004,-1.4125056679858958e-5,-1.2880214475943867,0.02526797443169375,-2.203442761583572e-5,4.2226511880082676,0.1515438938012752,-3.705835638356799e-6,-161.06751334177073,25,2,"successive iterates within tolerance, current iterate is probably solution",,
2020-11-07,0.5366371163081365,0.011913687425167978,-0.0010294562002854935,-1.5166398595408455,0.03442096376439872,-3.618631438939698e-4,3.910573657004604,0.15574650858289174,-7.349206043727456e-5,-157.3289241227782,29,2,"successive iterates within tolerance, current iterate is probably solution",NA/Inf replaced by maximum positive value,
2020-11-08,0.522720202547296,0.01213058333468861,8.100187187665136e-7,-1.491166398339472,0.03936699512539738,6.082245818106453e-7,3.4075553191415735,0.14760024581671216,1.705302565824239e-7,-150.66621897649634,21,1,"relative gradient is close to zero, current iterate is probably solution",,
2020-11-09,0.5363930533123777,0.01367581318486443,4.085620730620573e-7,-1.4895004861160783,0.04806186935811434,3.6379788070917103e-7,2.751712008161882,0.15991565633837382,1.4210854715201993e-7,-135.40846698620885,27,1,"relative gradient is close to zero, current iterate is probably solution",,
2020-11-10,0.6049518032757093,0.017458269214021938,-2.1524115823012818e-5,-1.5172777194229252,0.057592021928540786,-8.493685754729079e-5,2.307581064313031,0.17835194820594255,-2.7536373181646902e-5,-111.00732833796768,28,2,"successive iterates within tolerance, current iterate is probably solution",,
2020-11-11,0.22254140382653004,0.011281532584611688,-6.833595556088306e-4,-0.9015983740623357,0.12164612438484669,-2.6529080798809424e-4,1.1388297256720807,0.27756612797495783,-1.213969653690582e-4,-152.44740278229875,32,3,last global step failed to locate a point lower than estimate. Either estimate is an approximate local minimum of the function or steptol is too small,last global step failed to locate a point lower than estimate. Either estimate is an approximate local minimum of the function or steptol is too small,
2020-11-12,0.43863102574963486,0.023915610536917587,0.04980468618853701,0.41880446541072597,0.06440332806466731,0.03345401060528272,-0.2575844036475335,0.1719137750130977,0.012763061064902092,-150.8028886740945,33,3,last global step failed to locate a point lower than estimate. Either estimate is an approximate local minimum of the function or steptol is too small,last global step failed to locate a point lower than estimate. Either estimate is an approximate local minimum of the function or steptol is too small,
2020-11-13,0.050295019054325235,0.014418805819471664,-8.807210249983646e-4,-2.6688280444239956,0.16933612851269925,-3.10166598183059e-4,18.68670828621581,1.0568938931063798,-4.277647355220572e-5,-293.3339503672754,23,3,last global step failed to locate a point lower than estimate. Either estimate is an approximate local minimum of the function or steptol is too small,last global step failed to locate a point lower than estimate. Either estimate is an approximate local minimum of the function or steptol is too small,
2020-11-14,0.3334842258820935,0.018199944912309873,-4.4807357824083695e-6,-2.2199662742960378,0.09039823701909083,-1.921705461427335e-6,16.312659660042666,0.6162524002283541,-1.8121765913484315e-7,-239.2231703675352,18,1,"relative gradient is close to zero, current iterate is probably solution",,
2020-11-15,0.425979521007674,0.015655062636906584,2.2515678210766036e-4,-1.926573330571964,0.05003812484543662,2.39481323660584e-5,11.493162062340975,0.32285981571567995,-4.7084461579815944e-6,-215.7752262624994,25,2,"successive iterates within tolerance, current iterate is probably solution",,
2020-11-16,0.2878236358466788,0.009132205815489505,-2.5115909352280115e-7,-1.0424523562296477,0.029597390056636873,-4.520757102000057e-7,8.084827960681409,0.18534874673953733,-6.698996912746219e-8,-224.06028801507384,21,1,"relative gradient is close to zero, current iterate is probably solution",,
2020-11-17,NA,NA,NA,NA,NA,NA,NA,NA,NA,NA,NA,NA,NA,,NAs in DO.obs; NAs in DO.sat; NAs in depth; NAs in temp.water; NAs in discharge
2020-11-18,NA,NA,NA,NA,NA,NA,NA,NA,NA,NA,NA,NA,NA,,NAs in DO.obs; NAs in DO.sat; NAs in depth; NAs in temp.water; NAs in discharge
2020-11-19,NA,NA,NA,NA,NA,NA,NA,NA,NA,NA,NA,NA,NA,,NAs in DO.obs; NAs in DO.sat; NAs in depth; NAs in temp.water; NAs in discharge
2020-11-20,NA,NA,NA,NA,NA,NA,NA,NA,NA,NA,NA,NA,NA,,NAs in DO.obs; NAs in DO.sat; NAs in depth; NAs in temp.water; NAs in discharge
2020-11-21,NA,NA,NA,NA,NA,NA,NA,NA,NA,NA,NA,NA,NA,,NAs in DO.obs; NAs in DO.sat; NAs in depth; NAs in temp.water; NAs in discharge
2020-11-22,NA,NA,NA,NA,NA,NA,NA,NA,NA,NA,NA,NA,NA,,NAs in DO.obs; NAs in DO.sat; NAs in depth; NAs in temp.water; NAs in discharge
2020-11-23,NA,NA,NA,NA,NA,NA,NA,NA,NA,NA,NA,NA,NA,,NAs in DO.obs; NAs in DO.sat; NAs in depth; NAs in temp.water; NAs in discharge
2020-11-24,NA,NA,NA,NA,NA,NA,NA,NA,NA,NA,NA,NA,NA,,NAs in DO.obs; NAs in DO.sat; NAs in depth; NAs in temp.water; NAs in discharge
2020-11-25,NA,NA,NA,NA,NA,NA,NA,NA,NA,NA,NA,NA,NA,,NAs in DO.obs; NAs in DO.sat; NAs in depth; NAs in temp.water; NAs in discharge
2020-11-26,0.6865355078945317,0.01195362043140739,3.848228402603122e-6,-1.0787553135051942,0.017642129237841652,4.23173673880228e-6,6.431227212676824,0.16154165319914598,-1.563051910125067e-7,-185.12561203273654,29,1,"relative gradient is close to zero, current iterate is probably solution",,
2020-11-27,1.0746702344606214,0.006058537072719133,0.014437624429319828,-1.2232713588354898,0.007980696210408651,0.011957411061302983,7.978119642533342,0.057894474746714726,-1.5139107745198988e-4,-271.08765827452277,28,2,"successive iterates within tolerance, current iterate is probably solution",,
2020-11-28,0.9579448421747205,0.012214127110734187,4.6087418326123905e-5,-1.083743828669575,0.017256509181262043,4.577444201458998e-5,7.0620419977507645,0.11364301728783023,-4.147452159486417e-6,-188.78824623573604,30,2,"successive iterates within tolerance, current iterate is probably solution",,
2020-11-29,1.0566759156528418,0.011927250494123305,3.431033235301581e-4,-1.004135754918786,0.017544979850641754,2.325037939954198e-4,5.954768636087435,0.10197009348027086,-6.173195288283745e-6,-160.5279028549975,24,2,"successive iterates within tolerance, current iterate is probably solution",,
2020-11-30,0.18723529352420404,0.10328893638818465,2.769695583992868e-5,-2.7179582306383496,0.5534430149686644,2.6147972675971666e-7,33.03604651403587,5.880114439751634,-3.5359323552632273e-7,-227.91014413474429,27,1,"relative gradient is close to zero, current iterate is probably solution",,
2020-12-01,0.38121887052681996,0.017480494780493912,1.2126832871217617e-6,-0.9799904304663141,0.05502862650472421,-1.9150547814206204e-7,19.590234443566658,0.6788560308112624,-4.638239798035746e-8,-285.7424983600183,21,1,"relative gradient is close to zero, current iterate is probably solution",,
2020-12-02,0.4409203015886023,0.023226829274588093,-9.70601377048296e-6,-0.5584697578234148,0.04066460930175671,-5.4225779422267765e-5,12.824775886053617,0.5031051358235904,2.3048026780541096e-7,-171.79921803011052,17,2,"successive iterates within tolerance, current iterate is probably solution",,
2020-12-03,0.5568206823398655,0.004062033446538824,0.08460875022819885,-0.4968973256520226,0.005246309328549677,0.0211861674870306,12.46604277826051,0.07229545771410954,-0.0028483352413165544,-329.999021321963,17,2,"successive iterates within tolerance, current iterate is probably solution",,
2020-12-04,0.8784569963087246,0.01963647558137189,7.710520932846513e-4,-0.9049826839575285,0.02338161263032552,2.0544791823340328e-4,11.812509075927805,0.29022727556789557,-2.1049504847970372e-5,-173.86766959409158,20,2,"successive iterates within tolerance, current iterate is probably solution",,
2020-12-05,0.6899018353300227,0.037883839421606655,1.4306777984529605e-5,-1.0958740957527688,0.06415793510160327,7.997869033715681e-6,20.983181862992396,0.8448003121428421,-2.465189097682368e-7,-227.3594689378731,16,1,"relative gradient is close to zero, current iterate is probably solution",,
2020-12-06,0.6792249240471451,0.015912403653623737,0.012852343189706506,-0.8668624444425207,0.022386074960608994,0.005956366067039194,16.647010931183345,0.3502301757762648,-8.924482608244853e-5,-250.9064365939114,21,2,"successive iterates within tolerance, current iterate is probably solution",,
2020-12-07,0.2829032695399317,0.03748802819901065,-2.7355895326763836e-6,-0.5150316462213812,0.08776551216838185,-8.071765478234732e-7,12.883139251966293,1.6148163293211513,2.86795178852747e-8,-163.026560197597,17,1,"relative gradient is close to zero, current iterate is probably solution",,
2020-12-08,0.7126603847408247,0.006233571078410831,0.008793216537128492,-0.36592094171460077,0.0073312507191005795,0.01507812564227605,13.54513604132448,0.10421780249520285,3.3713885501024165e-4,-305.82296905503307,19,2,"successive iterates within tolerance, current iterate is probably solution",,
2020-12-09,0.8656330476456384,0.01083915337883597,2.744151572642293e-4,-0.40919425462438946,0.011747687009154026,8.612062174506712e-5,13.039625861422335,0.14638483980321276,-1.5122352598438264e-5,-243.71424955265343,15,2,"successive iterates within tolerance, current iterate is probably solution",,
2020-12-10,0.8211918933889649,0.014713196094390544,-0.0010477110734541373,-0.4341515276677193,0.017708571940082088,-2.90778473299724e-4,9.916952609435391,0.18177974900573188,9.320891081188157e-5,-184.08772779772804,17,2,"successive iterates within tolerance, current iterate is probably solution",,
2020-12-11,1.0261538666631425,0.016042679407803174,-2.2410517885873543e-5,-0.5706338200798958,0.018799143996206205,-1.5879209058766705e-5,11.567446203859902,0.1865868223115515,1.5528509961015824e-6,-187.51464792871008,13,1,"relative gradient is close to zero, current iterate is probably solution",,
2020-12-12,1.1989385999805329,0.014326629847695949,-1.1459867721441686e-4,-0.8144630554301073,0.016642696931187712,-1.0125276617145564e-4,9.766914441313682,0.14375563829636104,1.2255327419552476e-5,-189.94842203806994,20,2,"successive iterates within tolerance, current iterate is probably solution",,
2020-12-13,1.2491613088402913,0.009892871200268941,2.1680595096995583e-5,-0.9952497484138341,0.010952578757354435,-1.9766545733546065e-4,9.082020056032116,0.08832098110096702,-1.663784132688305e-5,-229.4355846236421,23,2,"successive iterates within tolerance, current iterate is probably solution",,
2020-12-14,-4.274443959198021,3.4008195732871425,1.1766232432819366e-6,-51.99132750454728,39.99570619456213,-4.6153075469574144e-7,757.9961551873657,571.8946365744634,-2.4929302733310487e-8,-131.72006309308796,45,1,"relative gradient is close to zero, current iterate is probably solution",,
2020-12-15,0.4839154547958309,0.01590495943254455,-1.3641070495395966e-5,-0.42619881606311066,0.02212483799653271,-8.690449249115764e-5,22.05801332498653,0.5715494100858561,-1.767355606724529e-6,-294.7231896662996,24,2,"successive iterates within tolerance, current iterate is probably solution",,
2020-12-16,-0.10002425662779459,0.013352715023973507,-5.475015996125871e-6,0.29764091893876443,0.026204330805736236,-5.753733489655128e-6,5.024438396659182,0.5650063276712,-6.905054306116647e-8,-200.82348763587993,28,1,"relative gradient is close to zero, current iterate is probably solution",,
2020-12-17,0.5887793963387316,0.070754312420506,-1.2001297733377202e-5,-0.39686047043449335,0.051036102759389065,-2.4294308786920716e-6,29.889828930996774,2.865000697289784,2.6110752654553635e-7,-227.3818993562121,18,1,"relative gradient is close to zero, current iterate is probably solution",,
2020-12-18,0.5779315228149076,0.015071447595117051,2.221259620682756e-5,-0.398882742690268,0.01913932214014162,-1.589850739946995e-5,19.073912562593218,0.4185916870775357,-1.3816047912242168e-6,-278.45458469780056,23,1,"relative gradient is close to zero, current iterate is probably solution",,
2020-12-19,0.6609845754968293,0.006130808095805106,0.0012613958944029933,-0.31790403910534903,0.006831731756228816,4.6445512680293134e-4,14.530894003776645,0.11416097333918916,-6.227421712602271e-5,-312.9142356452262,21,2,"successive iterates within tolerance, current iterate is probably solution",,
2020-12-20,0.2458685412025633,0.021107167961667922,2.0882318096937503e-6,-0.2690265030956056,0.02573256636507532,2.7718414230548635e-6,17.13870032329306,0.9284068073818285,-3.681504066544844e-8,-216.30464313132924,23,1,"relative gradient is close to zero, current iterate is probably solution",,
2020-12-21,0.6170175761623244,0.024254761451908503,1.442721497824094e-6,-0.49411206469890273,0.022997138546771587,2.5872992637232504e-5,22.238600385817975,0.6871606899879225,6.951232312738071e-8,-276.15440920284954,21,1,"relative gradient is close to zero, current iterate is probably solution",,
2020-12-22,0.6931059233409154,0.010625222168542156,0.0017674395280664597,-0.5394333854242166,0.012975134795914278,0.002151608669009873,16.61364619046809,0.21542319841938787,7.787310494274693e-5,-297.2138898379573,24,2,"successive iterates within tolerance, current iterate is probably solution",,
2020-12-23,0.809185307274632,0.08754496483957654,-2.22575025077276e-5,-0.38047064602989206,0.0854306442925988,-1.0306088427114437e-5,15.208630924621517,1.5243152837251208,1.1855311780771308e-6,-71.12139750734907,17,2,"successive iterates within tolerance, current iterate is probably solution",,
2020-12-24,-0.1326966757820464,0.20587486252646556,-1.4782521873257777e-5,-0.7455844784062855,0.37983797419680276,-2.9683207003472464e-6,78.70388954167774,34.547355566934534,-1.565102936953845e-8,-166.04268878766123,28,1,"relative gradient is close to zero, current iterate is probably solution",,
2020-12-25,0.5142743316920585,0.17294734393174552,-3.34431149440206e-6,-1.0460463261002653,0.5621035830284073,9.708713832878848e-7,73.87707008312482,21.32121836578037,5.0026577686745444e-8,-252.14267408151207,22,1,"relative gradient is close to zero, current iterate is probably solution",,
2020-12-26,0.34407586933683143,0.017248211116776643,-8.013817165419815e-5,0.02275624549037556,0.01837029096899297,-4.637399797502435e-6,24.23056198596155,0.7482891680996604,2.0020008305927815e-6,-287.7913687706036,23,2,"successive iterates within tolerance, current iterate is probably solution",,
2020-12-27,0.566085584502357,0.02745148356885643,-1.005370009465877e-5,-0.20921657977005265,0.02642683479169192,-1.247303771378937e-5,23.29177146680487,0.837318180584333,-1.8243299675374343e-7,-223.60602123105295,16,1,"relative gradient is close to zero, current iterate is probably solution",,
2020-12-28,0.4801535302655053,0.01167534647916567,-3.507381052259003e-6,-0.3141156198557925,0.011525990109867752,7.280817726496018e-6,18.49602215637413,0.3043110869927929,2.605832456546293e-7,-281.52826317924223,15,1,"relative gradient is close to zero, current iterate is probably solution",,
2020-12-29,0.38253898231407957,0.005014051909203884,-3.1247182619154016e-6,-0.24434843843354992,0.006001148812419259,-3.6894789445796016e-6,14.754315445383833,0.12667249774860392,9.084581536158027e-8,-342.9663335267629,15,1,"relative gradient is close to zero, current iterate is probably solution",,
2020-12-30,0.48470614456987365,0.0074376150638648724,1.0950742534987502e-5,-0.3136182495969102,0.008266651822901571,8.127875616992235e-5,17.54163441209541,0.22826016887416659,-6.056468134895949e-8,-303.85082006752754,23,2,"successive iterates within tolerance, current iterate is probably solution",,
2020-12-31,0.44798905471524564,0.009562959389247455,1.1340276273585903e-4,-0.5776651696706288,0.009476673651010487,5.4576588581767235e-5,15.640588027093804,0.32278152882318556,-2.98700208792608e-6,-300.59138476413773,22,2,"successive iterates within tolerance, current iterate is probably solution",,
2021-01-01,0.35024881858675794,0.01177426759704236,-0.0015394832075799046,-0.5697828990687345,0.019810428812273843,5.100901034893464e-4,17.122416711628897,0.5646239913992389,3.52399372921274e-5,-280.7452951772108,22,2,"successive iterates within tolerance, current iterate is probably solution",,
2021-01-02,0.6074628528935274,0.030977511951042425,-1.1725465043355131e-5,-0.741311807304285,0.0322076500452797,-1.3226042483438494e-7,20.42890702314686,0.939338139107329,2.7711605845974283e-7,-241.06767621325162,17,1,"relative gradient is close to zero, current iterate is probably solution",,
2021-01-03,0.43216957340721646,0.27032213545770956,8.943068507960552e-7,-0.13656780334028137,0.15312339567710265,-1.2802416904378323e-6,27.693783313538354,11.965249762583847,-3.274361719056797e-8,-176.2491610898114,30,1,"relative gradient is close to zero, current iterate is probably solution",,
2021-01-04,0.2846850663650748,0.018037232200259386,1.4566126083082041e-6,-0.3059622400549089,0.02886872669913361,1.625721779419108e-6,23.862875603759495,0.8866315851679859,-4.764171745659398e-9,-294.1821860270356,19,1,"relative gradient is close to zero, current iterate is probably solution",,
2021-01-05,0.475785011015022,0.025659100020599138,6.948841502207863e-6,-0.32908885479996336,0.030045661781959828,3.5734188941205473e-6,20.991851894701643,0.9162894297920315,-1.532660159599253e-7,-231.90987958472888,18,1,"relative gradient is close to zero, current iterate is probably solution",,
2021-01-06,0.4960670614522559,0.009736543012151785,3.274180926382539e-4,-0.39558430452948107,0.011454654944360754,6.839968591521023e-5,17.228586006080217,0.25404832085085294,-5.635317917558415e-6,-314.102401731298,19,2,"successive iterates within tolerance, current iterate is probably solution",,
2021-01-07,0.41184006767187836,0.04571108836281788,-2.238209617644314e-6,-0.2573518363093722,0.0540956221632002,-6.140510322438781e-6,16.171143332737497,1.3263738705931456,1.3708946176264144e-7,-123.6189338125287,15,1,"relative gradient is close to zero, current iterate is probably solution",,
2021-01-08,0.4818290742684296,0.01721374463948631,-2.062705561911569e-5,-0.24584977510485828,0.01558187496378506,-8.725464795134024e-6,17.5597015039625,0.5767742966402485,4.7586131066369046e-7,-259.07030353676436,21,1,"relative gradient is close to zero, current iterate is probably solution",,
2021-01-09,0.5276968866267736,0.011112507683084721,-3.435658868511379e-4,-0.07938018068674284,0.01065595143918404,-1.4921283764124369e-5,17.793871432264858,0.27997352304260464,1.4364982641112824e-5,-296.51566785126903,30,2,"successive iterates within tolerance, current iterate is probably solution",,
2021-01-10,0.4918073549012741,0.006026888738303737,1.9758395808366894e-4,-0.08455715460120172,0.006216122978697712,8.929865202844659e-5,16.101135401050318,0.13381370676492366,-7.008511131514749e-6,-327.81979648666453,21,2,"successive iterates within tolerance, current iterate is probably solution",,
2021-01-11,0.5374559720702677,0.013289471446104973,1.3823608924212737e-5,-0.19685718322254786,0.013898388606750581,7.133849067031401e-6,15.932453060384534,0.3589915328019052,6.957162613846751e-8,-243.3171786248088,13,1,"relative gradient is close to zero, current iterate is probably solution",,
2021-01-12,0.7164201339403549,0.062288680724232284,3.699618389418898e-7,-0.27585534644602266,0.054953211364070755,-6.975398036956897e-7,15.333271755181391,1.064317116178693,-3.253063067476358e-8,-116.68209774133729,19,1,"relative gradient is close to zero, current iterate is probably solution",,
2021-01-13,0.5437857218524933,0.0051963236998994215,3.289372685344457e-4,-0.11982420265663331,0.006037366371449808,7.949481073410418e-5,13.389481276990404,0.09660355689386417,-1.8701402699030178e-5,-311.04314968848473,22,3,last global step failed to locate a point lower than estimate. Either estimate is an approximate local minimum of the function or steptol is too small,last global step failed to locate a point lower than estimate. Either estimate is an approximate local minimum of the function or steptol is too small,
2021-01-14,0.5948872281895243,0.010628699375919207,0.004362817662695303,-0.2305054647413597,0.009765398719537946,0.0023129643977881625,12.205181395201794,0.17473587693868453,-4.063044784706288e-5,-261.6858167021105,18,2,"successive iterates within tolerance, current iterate is probably solution",,
2021-01-15,0.8607582033812229,0.008380303557395843,6.238565219973674e-5,-0.41296550333995163,0.00862095192112571,6.390337148332032e-5,17.191220178064768,0.14520151675998333,3.518156189115142e-6,-298.439834378864,18,2,"successive iterates within tolerance, current iterate is probably solution",,
2021-01-16,0.7578289196043609,0.010893488111562915,-5.686509041424864e-6,-0.17086988329310543,0.009924740374283496,-4.684324039772032e-6,13.502983279384088,0.17674525683573816,3.1200142233020284e-7,-270.3044899829095,29,1,"relative gradient is close to zero, current iterate is probably solution",,
2021-01-17,0.7652280465950828,0.00787900785671734,-0.0011056496163064356,-0.11213724980673205,0.008740321315960893,-9.60631155066948e-4,12.498885124170126,0.11005629781494145,8.365732710342158e-5,-268.7523555926372,23,2,"successive iterates within tolerance, current iterate is probably solution",NA/Inf replaced by maximum positive value,
2021-01-18,0.7255375606528447,0.012684181235944432,-2.7286278125870895e-4,-0.09432837490753036,0.014418865306870665,1.6848152029069735e-4,11.929593778605927,0.17587440024738915,1.8358809986468603e-5,-217.32827242563465,19,2,"successive iterates within tolerance, current iterate is probably solution",,
2021-01-19,0.8754249626537267,0.021503156317597354,-1.7542767238865037e-6,-0.13441252883884863,0.024909545111955207,-8.613909585619687e-7,13.706354392965928,0.29787258119595866,1.4129616271863032e-7,-172.63148240970412,17,1,"relative gradient is close to zero, current iterate is probably solution",,
2021-01-20,0.8151318808351674,0.01340387645712092,2.3087061151727516e-5,-0.11344188239614174,0.015246202917631593,-2.2784874431636106e-5,12.310911885288538,0.18125999942321983,-1.237984277559913e-6,-211.61932416429363,17,2,"successive iterates within tolerance, current iterate is probably solution",,
2021-01-21,0.8813485408206397,0.013390785448854983,1.919531200655909e-4,-0.31375618501801567,0.016530333507318133,9.407870038558024e-5,10.155732058017929,0.16586375078103296,1.2610437333494908e-5,-196.77718619714386,20,2,"successive iterates within tolerance, current iterate is probably solution",,
2021-01-22,1.0463621255112614,0.018775823748563493,5.81843906388712e-5,-0.26948599591849165,0.020799767474048516,8.646125593259049e-6,11.883989366776364,0.20808126813671596,-4.983908096580611e-6,-180.48898133802408,31,2,"successive iterates within tolerance, current iterate is probably solution",,
2021-01-23,0.9272531409326464,0.013649331856136244,1.7305268329437226e-5,-0.16203848947211535,0.015574834970813741,2.3362645151792077e-6,11.383455666091809,0.16181001893083455,-3.220815035493409e-7,-202.53614033247413,22,1,"relative gradient is close to zero, current iterate is probably solution",,
2021-01-24,0.9763354046250485,0.020007215595751054,-5.532230673566113e-5,-0.14950900391827307,0.029571523442517417,-1.8311311578145234e-5,10.767299781665109,0.23029507348328684,5.143138245280484e-6,-145.5650693682856,43,2,"successive iterates within tolerance, current iterate is probably solution",,
2021-01-25,0.8634504881098521,0.011079783521324493,2.687237099507909e-4,-0.4731726434646863,0.011405418588336628,-4.1745806811377374e-4,13.831845379279555,0.21149710093242363,-7.602768973258442e-6,-249.97389538109783,23,2,"successive iterates within tolerance, current iterate is probably solution",,
2021-01-26,0.690056200025775,0.01736620693697412,-3.7976608524559156e-5,-0.38713580303651235,0.01860853145941493,-1.7452407519158425e-5,13.455603787449581,0.328145390711537,2.0115034834645562e-6,-218.9244684165833,16,2,"successive iterates within tolerance, current iterate is probably solution",,
2021-01-27,0.7996327308374724,0.020315592424672846,-1.8302834803307616e-5,-0.5052691672270607,0.022781126739750867,-2.1022430019002038e-5,10.905200167885178,0.2919173049372659,1.2151784402360854e-6,-181.3875043243086,16,2,"successive iterates within tolerance, current iterate is probably solution",,
2021-01-28,0.7019449355512872,0.030291821243525537,4.579803203341721e-7,0.14077677899571872,0.026761974664181124,4.247709739502167e-6,18.91414318875643,0.6105095612035852,7.523867071209857e-8,-237.78420038247657,17,1,"relative gradient is close to zero, current iterate is probably solution",,
2021-01-29,0.9415212735567766,0.017301838294474126,5.9400271368303886e-5,-0.07217265143786211,0.01484804657410478,-2.2740209715266225e-6,18.907040293055648,0.28612655490060357,-3.984893453817931e-6,-262.94568172954183,23,2,"successive iterates within tolerance, current iterate is probably solution",,
2021-01-30,0.9714163098926679,0.015480922319979879,1.3619398941955283e-4,-0.15745100325915476,0.018135375562080152,-1.25224801195145e-4,13.821151551494562,0.2057172384535799,-4.427813587673239e-6,-213.69569319910005,19,2,"successive iterates within tolerance, current iterate is probably solution",,
2021-01-31,0.014147228213486681,0.012259635039199454,-9.988934124294236e-6,-0.005672759051134732,0.022405475109299675,-1.1540493005668385e-5,4.079997229153821,0.32974669159767517,5.530722546609463e-7,-198.62384564767672,29,1,"relative gradient is close to zero, current iterate is probably solution",,
2021-02-01,0.35154794858375416,0.01577734186002956,-2.2456347892330065e-6,0.0671101719482547,0.01705394639975971,-2.057220171991501e-6,17.066805583641308,0.5595072235761799,9.001059906522815e-8,-271.50654570046004,17,1,"relative gradient is close to zero, current iterate is probably solution",,
2021-02-02,0.8817988506141478,0.02369276166476289,0.00407943900881946,-0.12760979252426746,0.0173309622179737,0.0010330268196412353,22.53183628886291,0.5071390259862785,-1.8012067566863723e-4,-276.4070556357849,19,2,"successive iterates within tolerance, current iterate is probably solution",,
2021-02-03,0.7910886672166083,0.014997917404568614,3.943512183468553e-7,-0.1981947650039056,0.01428538479162988,1.1851852832478463e-6,16.3428214963377,0.2438664854445868,8.347653145236319e-8,-255.93099657888166,14,1,"relative gradient is close to zero, current iterate is probably solution",,
2021-02-04,0.9016418046584393,0.014303374515925038,4.240046713732677e-4,-0.26712508768373455,0.016156770928687222,3.6572104988863397e-4,15.369980629650298,0.2049773821923948,-3.103648109147299e-5,-231.55071801347904,16,2,"successive iterates within tolerance, current iterate is probably solution",,
2021-02-05,0.6203819624011446,0.023867957113691034,6.312106393124845e-5,-0.3957376724380279,0.024537927007496914,3.195168574166016e-5,10.006587260583737,0.3881362641975146,2.556269967096794e-7,-165.79817002151228,21,2,"successive iterates within tolerance, current iterate is probably solution",,
2021-02-06,1.0762280531092152,0.014467749008765258,8.487361924380812e-6,-0.384904200859329,0.01635334149090732,-8.766534165260957e-7,13.65411045731673,0.16826696795607227,-4.86822434446748e-7,-223.13690342376475,18,1,"relative gradient is close to zero, current iterate is probably solution",,
2021-02-07,0.8414924648062728,0.037600036573398,1.4302617756811728e-4,0.11150976604334417,0.02439793072560567,1.3365345807869733e-4,29.989605488126788,0.9747235400646842,-4.432034854716232e-6,-282.40880986447945,22,3,last global step failed to locate a point lower than estimate. Either estimate is an approximate local minimum of the function or steptol is too small,last global step failed to locate a point lower than estimate. Either estimate is an approximate local minimum of the function or steptol is too small,
2021-02-08,1.1882346016304601,0.03369077401471828,-3.111964019808508e-6,-0.2621236766495845,0.02702459431981903,4.325073632571726e-7,25.415358714855945,0.5816123285107834,1.8382430279998064e-7,-240.0854519954608,15,1,"relative gradient is close to zero, current iterate is probably solution",,
2021-02-09,1.1909961649783742,0.02806291891957066,-1.3214602745392754e-5,-0.6235802197048963,0.02421960141022249,-1.1068905791944407e-5,17.779539269202775,0.36284856014278044,2.1860345792762605e-7,-219.1834876337908,20,1,"relative gradient is close to zero, current iterate is probably solution",,
2021-02-10,1.224986313870035,0.015108808300399958,1.205227917466799e-5,-0.7941789711247359,0.01459967138900165,-3.6086419186176465e-5,14.513350408131275,0.19076062562948112,-2.7607539237912886e-6,-248.80372032229855,18,2,"successive iterates within tolerance, current iterate is probably solution",,
2021-02-11,3.8561761044681138,1.0607751851029736,1.5596413049934186e-6,-3.3045588911070154,0.9920046067458536,-1.1181100489920928e-5,92.85344684129784,24.782507529542325,-5.120921354522896e-7,-160.3489963524657,28,1,"relative gradient is close to zero, current iterate is probably solution",,
2021-02-12,0.42755306235533524,0.015023602798831144,2.5056934305212028e-6,0.25168187208492315,0.01053827842469033,-5.920810508541758e-7,26.148450296204032,0.8552171183689529,-4.38470251749083e-8,-340.9555298310757,18,1,"relative gradient is close to zero, current iterate is probably solution",,
2021-02-13,0.014203339972822174,0.013181894293636757,3.803890535891693e-5,0.43025758975609196,0.03406513282264583,-4.433786671143022e-7,7.776420478708283,0.7614178999818336,1.0231815394945435e-7,-222.6896586179928,23,2,"successive iterates within tolerance, current iterate is probably solution",,
2021-02-14,0.9452486606239001,0.202944757294724,-2.971898283021798e-5,2.100859980502191,0.40819689765632994,6.9142629399720986e-6,75.84163143228099,14.759456224307403,3.0590530230959056e-7,-271.9004675948316,28,1,"relative gradient is close to zero, current iterate is probably solution",,
2021-02-15,3.001490304435585,2.897426529310659,-5.016431714466302e-8,6.310251579216642,6.14312409677993,-1.1586664072638076e-5,196.96428984043362,186.16559344241702,3.6658603499449595e-7,-154.0111679830265,36,1,"relative gradient is close to zero, current iterate is probably solution",,
2021-02-16,-0.35447703678142,0.06728354212093308,4.839737499651159e-6,0.4582293859399975,0.035768412257990774,1.730394671994871e-5,10.29858936731898,1.6190116662292997,-4.95618317172182e-6,-174.2712888698224,21,1,"relative gradient is close to zero, current iterate is probably solution",,
2021-02-17,1.288173519669517,0.03126467278547131,6.04220673494637e-6,-0.20195002619783534,0.020200402534638198,-2.5804638426052385e-6,34.95418929330758,0.6662032555281159,-2.9693264411605517e-7,-308.6273664947541,18,1,"relative gradient is close to zero, current iterate is probably solution",,
2021-02-18,0.07514048838287551,0.008160301856446157,7.199702167781645e-5,0.5305236478438373,0.016000593869468383,4.321449864619349e-5,13.44310712484938,0.49534380361899155,-1.7626266704612967e-6,-281.4276124406135,19,2,"successive iterates within tolerance, current iterate is probably solution",,
2021-02-19,0.5218715362382538,0.02430320353846334,-3.3681502031868115e-6,0.40624406916798866,0.018242069068562485,2.7089583909400946e-6,23.02034069653993,0.6475745489847653,-3.019916263759609e-8,-288.4337620049419,24,1,"relative gradient is close to zero, current iterate is probably solution",,
2021-02-20,1.1483600218827994,0.04285616496830175,6.480922465357246e-5,-0.13191122915734638,0.030017001530932962,2.7205246055927977e-5,27.126307054386388,0.7416520526542839,-4.4286538262698355e-6,-249.3916902963967,15,3,last global step failed to locate a point lower than estimate. Either estimate is an approximate local minimum of the function or steptol is too small,last global step failed to locate a point lower than estimate. Either estimate is an approximate local minimum of the function or steptol is too small,
2021-02-21,1.2201483808575488,0.03166765432992574,1.1977263625340119e-4,-0.20100154698747116,0.024122652085876575,1.1249312592553898e-4,24.27133876721062,0.4838661688679398,-5.2039188245911095e-6,-244.13258802953973,27,2,"successive iterates within tolerance, current iterate is probably solution",,
2021-02-22,0.911023303470267,0.06394142613796215,1.5756285165480208e-5,-0.023432081249262084,0.04319944015982616,1.1391421139705918e-5,24.966184965160938,1.4169289780761942,1.5072524431893033e-6,-192.83732199277273,20,1,"relative gradient is close to zero, current iterate is probably solution",,
2021-02-23,1.3795764349256725,0.044293414521279044,-6.689049314445577e-7,-0.47710551152207276,0.03201630990989333,5.407230219134358e-8,23.841216431735518,0.5656939265591441,5.8509493541923394e-8,-228.5903584651068,13,1,"relative gradient is close to zero, current iterate is probably solution",,
2021-02-24,NA,NA,NA,NA,NA,NA,NA,NA,NA,NA,NA,NA,NA,,NAs in DO.obs; NAs in DO.sat; NAs in depth; NAs in discharge
2021-02-25,NA,NA,NA,NA,NA,NA,NA,NA,NA,NA,NA,NA,NA,,NAs in DO.obs; NAs in DO.sat; NAs in depth; NAs in discharge
2021-02-26,NA,NA,NA,NA,NA,NA,NA,NA,NA,NA,NA,NA,NA,,NAs in DO.obs; NAs in DO.sat; NAs in depth; NAs in discharge
2021-02-27,NA,NA,NA,NA,NA,NA,NA,NA,NA,NA,NA,NA,NA,,NAs in DO.obs; NAs in DO.sat; NAs in depth; NAs in discharge
2021-02-28,NA,NA,NA,NA,NA,NA,NA,NA,NA,NA,NA,NA,NA,,NAs in DO.obs; NAs in DO.sat; NAs in depth; NAs in discharge
2021-03-01,NA,NA,NA,NA,NA,NA,NA,NA,NA,NA,NA,NA,NA,,NAs in DO.obs; NAs in DO.sat; NAs in depth; NAs in discharge
2021-03-02,NA,NA,NA,NA,NA,NA,NA,NA,NA,NA,NA,NA,NA,,NAs in DO.obs; NAs in DO.sat; NAs in depth; NAs in discharge
2021-03-03,NA,NA,NA,NA,NA,NA,NA,NA,NA,NA,NA,NA,NA,,NAs in DO.obs; NAs in DO.sat; NAs in depth; NAs in discharge
2021-03-04,NA,NA,NA,NA,NA,NA,NA,NA,NA,NA,NA,NA,NA,,NAs in DO.obs; NAs in DO.sat; NAs in depth; NAs in discharge
2021-03-05,NA,NA,NA,NA,NA,NA,NA,NA,NA,NA,NA,NA,NA,,NAs in DO.obs; NAs in DO.sat; NAs in depth; NAs in discharge
2021-03-06,2.01500217511672,0.036852183520589325,8.142819751810741e-6,-0.8509178025767737,0.032670116393122325,7.247535904753017e-6,13.802296089814442,0.2281262515434199,-3.0064342554578315e-7,-168.93397876657346,16,1,"relative gradient is close to zero, current iterate is probably solution",,
2021-03-07,1.7576177221487197,0.021189976532371774,-1.9408474827287118e-7,-0.6682877184777191,0.02015303115918283,6.396163598765265e-7,12.792877439421039,0.1329826416664894,5.8041450204255816e-8,-206.0992889889352,24,1,"relative gradient is close to zero, current iterate is probably solution",,
2021-03-08,1.7273447935498132,0.027520174508800677,7.774758614687009e-7,-0.6515357416136205,0.026998193634413848,5.101696842757515e-7,12.788970588255282,0.16924640596978444,-1.0780673197693148e-7,-174.94817439501844,18,1,"relative gradient is close to zero, current iterate is probably solution",,
2021-03-09,NA,NA,NA,NA,NA,NA,NA,NA,NA,NA,NA,NA,NA,,NAs in DO.obs; NAs in DO.sat
2021-03-10,NA,NA,NA,NA,NA,NA,NA,NA,NA,NA,NA,NA,NA,,NAs in DO.obs; NAs in DO.sat
2021-03-11,2.6406592852163127,0.0503773934795268,-8.415096175440332e-5,-0.6443667063027282,0.04552081556109505,-1.0771121594643764e-4,12.731520786465097,0.228658501488075,1.9866288164618777e-5,-129.19811742154275,27,2,"successive iterates within tolerance, current iterate is probably solution",,
2021-03-12,2.8622812004898934,0.06323563551905387,-3.943512183468552e-9,-1.1447279117021234,0.05939625353081159,1.1096545904365475e-7,11.157589090531877,0.2541818665701698,2.5855079298752762e-9,-98.50403196365261,26,1,"relative gradient is close to zero, current iterate is probably solution",NA/Inf replaced by maximum positive value,
2021-03-13,2.6670499172451527,0.04824272846576718,-1.6706123595611172e-4,-0.98707169732613,0.04691581507020142,-1.7018119535805438e-4,10.5987030820981,0.22019344357719842,3.7316525515849065e-5,-115.89695390161805,24,2,"successive iterates within tolerance, current iterate is probably solution",NA/Inf replaced by maximum positive value,
2021-03-14,2.668138121679555,0.030210164378496787,4.6155896882282785e-05,-1.0255366859522717,0.027225344786602428,-1.8375317267782504e-5,11.904686617185924,0.14062132548038195,-9.400456284235997e-6,-176.08119445395366,33,2,"successive iterates within tolerance, current iterate is probably solution",,
2021-03-15,2.3160581120125157,0.05542701672786515,1.3252332564661618e-4,-0.40569971528206106,0.05284717535308554,1.583288167239515e-4,12.332287904112015,0.33609831118806033,-3.13064780764545e-5,-108.7498576526155,22,2,"successive iterates within tolerance, current iterate is probably solution",,
2021-03-16,1.3093992777850834,0.04071333414621298,-4.8466919366774116e-5,-0.20112628938441585,0.048447958682845293,-3.094856992902348e-5,10.787813323402785,0.4006215717904478,5.543534579217634e-6,-113.57657930389874,23,2,"successive iterates within tolerance, current iterate is probably solution",,
2021-03-17,1.9961233620458705,0.02570560653647431,7.534849189028128e-5,-0.4040260279223771,0.029615031718109107,9.832845648816138e-6,9.990476113921412,0.15095772114449155,-1.1697636637109089e-5,-161.2541112570152,31,2,"successive iterates within tolerance, current iterate is probably solution",,
2021-03-18,1.7848381154932829,0.04378623765989009,3.5012348575946783e-6,-0.7518125730415752,0.04928397415438249,3.098236334153623e-6,10.27352862179402,0.2846860479271438,-5.232003419034976e-7,-114.00884018531727,23,1,"relative gradient is close to zero, current iterate is probably solution",,
2021-03-19,1.812082583017791,0.06358750772984122,4.7064219188541705e-6,0.09619617229110096,0.04151897518583363,-3.2519551496079628e-6,17.228832480943566,0.6067976286056371,-4.883404922208958e-7,-173.74332149994473,32,1,"relative gradient is close to zero, current iterate is probably solution",,
2021-03-20,2.067550879971141,0.02207266115393464,-3.0987452603881106e-4,-0.020123647861752882,0.019520719593532954,-2.729101566956158e-4,13.586393656617243,0.13487490919981215,5.711895185404814e-5,-218.7598160369545,31,2,"successive iterates within tolerance, current iterate is probably solution",NA/Inf replaced by maximum positive value,
2021-03-21,2.50366083817676,0.0364099415709171,2.008366806194315e-6,-0.4918301115204662,0.030457181577774058,7.753030217827466e-6,13.096172663527184,0.17896239346022366,-3.8498798648616706e-7,-172.49786922910766,25,1,"relative gradient is close to zero, current iterate is probably solution",,
2021-03-22,2.591147208754153,0.0491235918562795,3.687361527227036e-7,-0.8075230823678259,0.04222922672970451,4.134079745199411e-7,12.039665845616277,0.2212342248146929,-5.70928671433684e-8,-136.3034141809259,28,1,"relative gradient is close to zero, current iterate is probably solution",,
2021-03-23,2.7355212284952124,0.05541239204373978,-3.2538238770030114e-5,-0.8933916414083682,0.04413672332662736,-1.7177185895889107e-5,14.476588676800839,0.3103212239721409,5.493622742274089e-6,-147.293889958687,28,2,"successive iterates within tolerance, current iterate is probably solution",,
2021-03-24,2.021578333735842,0.0251662952772415,3.8851766248626476e-6,-0.9656889649118133,0.02656150595421397,1.5086385474205586e-6,8.70218629020275,0.13120791334360143,-7.538289992226049e-7,-162.1530229808566,30,1,"relative gradient is close to zero, current iterate is probably solution",,
2021-03-25,2.7570077365365893,0.05668640034604533,-1.7319479184152427e-6,-1.2475935772923363,0.05394765621095085,-8.13002998256706e-6,11.712860056906594,0.27067070207681215,2.797799240667315e-6,-114.77989297385287,31,1,"relative gradient is close to zero, current iterate is probably solution",,
2021-03-26,1.957185801592139,0.06275206619974712,-3.99751343138632e-5,-1.5255548967503392,0.06307682305742157,-3.087450295424785e-5,12.502108542184097,0.37207459713095853,5.690203253656381e-6,-144.86694906894627,19,2,"successive iterates within tolerance, current iterate is probably solution",,
2021-03-27,3.3098766271882973,0.5454131600789367,-1.5580172707529965e-5,-2.259134390098189,0.4801049285964558,-7.63617435950436e-6,28.789110694895818,4.284097542678289,1.2629762799528173e-06,-58.63209477445178,18,2,"successive iterates within tolerance, current iterate is probably solution",,
2021-03-28,1.9910592760130768,0.20241747375968325,-3.182165642101606e-5,-1.1319539601942772,0.15277640468704087,-9.472955753153649e-6,29.70140568199158,2.553915995078544,2.475538130541601e-6,-182.22034768208778,26,2,"successive iterates within tolerance, current iterate is probably solution",,
2021-03-29,2.933361914521958,0.052899310810182246,-5.5199294024532665e-5,-0.6927292589950157,0.03594008543317746,-1.5399663766402214e-5,18.32959435087742,0.2962664581188552,9.088054341276758e-6,-206.84522031997412,21,2,"successive iterates within tolerance, current iterate is probably solution",,
2021-03-30,3.109712060957594,0.14649109818712308,1.8331203222032836e-6,-1.0524110863705147,0.10984695813032962,4.374527406980629e-7,14.936746112381648,0.6599866713924318,-3.574513608839279e-7,-72.03742566688454,24,1,"relative gradient is close to zero, current iterate is probably solution",,
2021-03-31,1.823794054011464,0.1841868143003702,-6.340528102555248e-7,-0.2771432738339957,0.14310921240649851,-6.059224233467825e-7,17.768133024146564,1.613540703350184,3.5654837924882874e-8,-87.73907304418873,20,1,"relative gradient is close to zero, current iterate is probably solution",,
2021-04-01,1.5631862403545287,0.10727733458540542,-4.0946321888668495e-5,0.6202352315456424,0.0509746646526288,4.656060070828967e-5,24.376553217758143,1.2842400491255541,4.529269016291686e-6,-200.1713281538515,31,2,"successive iterates within tolerance, current iterate is probably solution",NA/Inf replaced by maximum positive value,
2021-04-02,2.42700424515669,0.0483823298631416,2.3241852886712858e-4,0.4520394893115321,0.030062569544385707,1.7602701518626404e-4,18.635805194148546,0.32020090208024055,-2.2635727674300217e-5,-207.8075182054863,30,2,"successive iterates within tolerance, current iterate is probably solution",NA/Inf replaced by maximum positive value,
2021-04-03,2.6633813991827204,0.02801459972528536,-4.632731531728491e-5,0.25825183960753023,0.02135749239854695,-2.488318955329303e-4,15.622971441056775,0.1407276958406783,2.6180948457890043e-5,-222.8813148916605,38,2,"successive iterates within tolerance, current iterate is probably solution",,
2021-04-04,3.1675825081046196,0.04450325752628155,1.6452439410841163e-6,-0.53047331294404,0.0335935246638858,-7.996888484740332e-6,14.725752933276947,0.18733312660096954,-1.7024167739794547e-7,-176.29497728746276,33,1,"relative gradient is close to zero, current iterate is probably solution",,
2021-04-05,3.4298447905425893,0.042010589359861406,-7.4404535865824e-5,-1.2052621946687667,0.03311291767947902,-3.521275004914056e-5,13.329251353475268,0.15577798088512226,1.8081614959149333e-5,-174.53054752703804,29,2,"successive iterates within tolerance, current iterate is probably solution",,
2021-04-06,3.7567911880286062,0.056516862867232245,1.2758320622197048e-4,-1.9170471253915953,0.046733294449167836,1.545297294569535e-4,13.2016583407427,0.19267032319973418,-1.9508438991669754e-5,-148.7899985964079,31,2,"successive iterates within tolerance, current iterate is probably solution",,
2021-04-07,4.061560788428786,0.08421825125564512,-2.1697799112985174e-5,-3.042610816082483,0.07813505339528476,-1.0062208843919498e-6,13.73668708776438,0.28018150599507924,6.890719755226108e-6,-119.60290302874157,20,2,"successive iterates within tolerance, current iterate is probably solution",,
2021-04-08,4.505609627324847,0.11616000677491561,-1.156674755975472e-6,-4.4487889597125365,0.124676463318842,-5.942979441897473e-7,15.414760673396954,0.40366901602981475,1.8758342892510912e-7,-107.99674866064588,14,1,"relative gradient is close to zero, current iterate is probably solution",,
2021-04-09,3.851407401906391,0.1326076938675384,5.305089700868844e-5,-5.12581067290523,0.18705499333102163,2.4418511657131586e-5,14.96120399409795,0.491747511159085,-4.2382173095324055e-6,-93.7183134859652,14,2,"successive iterates within tolerance, current iterate is probably solution",,
2021-04-10,2.6205963204651987,0.09606319747939598,1.0786447290911373e-5,-4.630925587470667,0.16448464420877987,1.5683411902500652e-5,17.384118395574173,0.5944182615999152,1.8525567157567967e-6,-162.73351761234775,17,1,"relative gradient is close to zero, current iterate is probably solution",,
2021-04-11,2.8250573256967018,0.1449194179835159,-1.6068923969214652e-5,-4.959233841803846,0.2449711716816843,-4.547473508864638e-6,24.340289691361146,1.0882773082203303,1.1069621964929146e-6,-187.27704355082435,18,1,"relative gradient is close to zero, current iterate is probably solution",,
2021-04-12,2.813118614615034,0.08234459928109875,-5.9685589803848365e-6,-3.6976000189194687,0.11119732590458754,-1.0575718079053323e-5,16.449954615301287,0.43748195623387964,7.360292779221348e-7,-158.3875620342827,18,1,"relative gradient is close to zero, current iterate is probably solution",,
2021-04-13,2.0803108591665818,0.09240636074669854,1.3455903058456884e-7,-2.484712212285297,0.11595198765187702,1.548272621221257e-8,11.559026195110535,0.48131133618181265,-2.5528828569139468e-8,-91.69003076950938,26,1,"relative gradient is close to zero, current iterate is probably solution",,
2021-04-14,2.5270505309226357,0.05698304625590396,-1.0093259561472215e-5,-3.2252629988364876,0.07356247949223811,1.9525714378687536e-6,13.314551901804114,0.29103868050088555,2.234962918248931e-6,-150.03955592391802,17,1,"relative gradient is close to zero, current iterate is probably solution",,
2021-04-15,1.3154084881454857,0.029475510168478963,9.119460742112999e-5,-1.9467717846294113,0.048961903105790135,1.8735590856522308e-5,10.227515403526633,0.22897539282804683,-1.8285462370222597e-6,-175.5996826365214,31,2,"successive iterates within tolerance, current iterate is probably solution",,
2021-04-16,1.5562434613488583,0.019474117947635768,-8.394351880269817e-5,-1.7884535153963617,0.02505643943383754,-1.4754562016605622e-4,11.542184733693212,0.12865516340050118,6.813516834846575e-6,-218.93738510150362,22,2,"successive iterates within tolerance, current iterate is probably solution",,
2021-04-17,1.4548817586639429,0.012491715615533158,-9.995264527162806e-4,-1.311117042530077,0.01451261002448381,-3.757281206162585e-4,10.39206257631452,0.09438185844732089,1.2460436420938265e-4,-241.3874161063787,22,2,"successive iterates within tolerance, current iterate is probably solution",,
2021-04-18,1.3229765471558534,0.012747020239003504,4.543666776157802e-5,-1.427928608430803,0.015140472298104179,1.223514942694236e-4,10.121193327114925,0.09556611421604953,4.428419872498992e-6,-248.171041194013,20,2,"successive iterates within tolerance, current iterate is probably solution",,
2021-04-19,0.9498779805895684,0.021604278092018616,3.812949955772634e-7,-1.130144808319784,0.02990963640512151,-6.594989088171127e-5,9.110900976856179,0.20766351160033258,-4.965059474670848e-6,-171.7610656120242,29,2,"successive iterates within tolerance, current iterate is probably solution",,
2021-04-20,1.467267169641265,0.08584245928107823,-2.2075674621646591e-7,-1.4063843816071178,0.09469134945668649,-1.3467627013596926e-7,10.783225451952982,0.5871189653979454,2.2772738135992103e-8,-69.32748198898634,21,1,"relative gradient is close to zero, current iterate is probably solution",,
2021-04-21,1.01750116466866,0.02419799673116542,-1.0182219511989378e-5,-1.2411021800878423,0.032912848898063105,-1.0235282843495943e-5,10.316185148970412,0.20223738327057805,3.544935748632877e-7,-199.91037184520658,25,1,"relative gradient is close to zero, current iterate is probably solution",,
2021-04-22,1.104479364902875,0.020667404645523198,5.6630007350122415e-5,-0.9555877677671304,0.025129042655937146,6.360349402712012e-5,10.512973053197708,0.17066302282968165,-3.585691836265804e-6,-186.55349410518585,25,2,"successive iterates within tolerance, current iterate is probably solution",,
2021-04-23,1.0475189595836736,0.02265922473406602,5.679012815562595e-8,-0.7902326996209597,0.02598772262731398,-7.062794793455389e-8,9.455884083465127,0.1809741840385737,-8.327560863108368e-9,-162.7095312628353,25,1,"relative gradient is close to zero, current iterate is probably solution",,
2021-04-24,0.7507814505584635,0.019984202568923415,-4.363265304618831e-7,-1.1184559427663496,0.029715603216238333,-2.4587620828242486e-7,12.376050346217346,0.3337878084883141,3.46083887132133e-8,-203.39550882443967,24,1,"relative gradient is close to zero, current iterate is probably solution",,
2021-04-25,1.312295192932186,0.038219105363227576,1.2544631999844559e-5,-1.4126665285928788,0.041954056859393477,5.573213002207918e-5,13.458280919247793,0.3583542966377765,8.05666207501422e-6,-191.68493485848182,20,2,"successive iterates within tolerance, current iterate is probably solution",,
2021-04-26,1.4182746906716892,0.035082555671055934,-2.7753266351737664e-6,-2.0189643273676965,0.04736638757490654,-1.9799983874690935e-6,12.13298625061301,0.26440527413144593,2.47779586402242e-7,-170.565431892226,19,1,"relative gradient is close to zero, current iterate is probably solution",,
2021-04-27,1.4848671369461874,0.035654901803799766,-3.23007398606023e-6,-2.443021479652365,0.054251879248250125,-6.2531171352020406e-6,11.27137716462043,0.24408080674025676,-3.3182767268528036e-7,-160.36379013234054,16,1,"relative gradient is close to zero, current iterate is probably solution",,
2021-04-28,1.4350521706999537,0.022117955536486544,1.4439649476116745e-4,-2.8961094603230744,0.040583513929988796,5.3870508054387715e-5,9.693124859815772,0.1472442473434012,-9.464429240324527e-7,-198.49344684046383,21,2,"successive iterates within tolerance, current iterate is probably solution",,
2021-04-29,1.4692157852629961,0.03116673810388178,-3.266009684921298e-5,-3.2522061217963203,0.06695534600072298,-3.876039045280774e-4,8.585778489926268,0.2024560916598659,-9.113136911764734e-5,-154.26894449199162,15,2,"successive iterates within tolerance, current iterate is probably solution",,
2021-04-30,1.0043223070579141,0.05238413077584302,-3.1650335685640096e-5,-2.816524482831451,0.14564726440129938,-1.1984866432612752e-5,7.846139548956918,0.4133721074851108,-2.351832506519711e-6,-91.91001642950268,21,2,"successive iterates within tolerance, current iterate is probably solution",,
2021-05-01,0.8901512972040034,0.03612734778271604,3.063149733861789e-4,-2.215176820695037,0.0845864640764612,3.7134242347747177e-4,8.026923490083362,0.29291272928395246,9.643912335377529e-5,-109.97027764691502,19,2,"successive iterates within tolerance, current iterate is probably solution",,
2021-05-02,1.2541704433918583,0.025534425967917298,-4.04567046530246e-6,-2.546542681531307,0.047593803982473655,9.192731909024579e-6,8.246513636123712,0.1750863374114159,1.658733594922522e-6,-148.6415322765284,22,1,"relative gradient is close to zero, current iterate is probably solution",,
2021-05-03,0.5981913758534697,0.014981978624709059,4.122586716448491e-6,-2.0517688761610353,0.05462455924083072,6.674696351183223e-7,6.259314370298216,0.2019816228133383,8.091660674836014e-8,-177.88226082865984,25,1,"relative gradient is close to zero, current iterate is probably solution",,
2021-05-04,1.5825335036883026,0.11340857136839078,4.118156482491027e-5,-4.551027732877329,0.3012105009311288,2.3090102274636572e-5,14.065120121954534,0.9179870471624022,1.5587451817210928e-6,-93.64560653435367,21,3,last global step failed to locate a point lower than estimate. Either estimate is an approximate local minimum of the function or steptol is too small,last global step failed to locate a point lower than estimate. Either estimate is an approximate local minimum of the function or steptol is too small,
2021-05-05,1.1009575472894837,0.037071915577279305,8.705747234216679e-7,-2.5878562237849345,0.08072880611058328,-1.3896439554628148e-5,8.92555981548098,0.28295715815303163,-3.7033203170722084e-6,-145.47362238900743,21,1,"relative gradient is close to zero, current iterate is probably solution",,
2021-05-06,0.6333155603875962,0.020848902941925266,4.689582056016657e-5,-1.389308325450959,0.049469255744416095,2.3126744963519724e-5,6.213450294220872,0.22297334637050495,1.4438228390645225e-6,-140.85928693441457,28,2,"successive iterates within tolerance, current iterate is probably solution",,
2021-05-07,0.4644495529263567,0.023134062807020878,3.414424298853188e-7,-0.9489487447976384,0.053856120227422956,-6.776801342311949e-7,5.439770620238723,0.31821690198229874,-8.220268910008591e-8,-122.608738048024,29,1,"relative gradient is close to zero, current iterate is probably solution",,
2021-05-08,0.9082410115751084,0.02496854048146336,3.996477815348949e-5,-1.3856825350041624,0.036942756772612766,-1.382274206207511e-5,9.237801479228109,0.2171833999352045,-3.899515377270287e-6,-167.20463312583217,26,2,"successive iterates within tolerance, current iterate is probably solution",,
2021-05-09,1.218143760698185,0.02045019198761626,1.4077734533657335e-5,-2.0257496039771676,0.03031159649604237,4.512358486863373e-6,8.734630137945146,0.15167685939297634,-2.7626327891994126e-6,-181.37794584243665,18,1,"relative gradient is close to zero, current iterate is probably solution",,
2021-05-10,0.8502595967924904,0.0344523676602464,8.043699040172207e-5,-1.987573401101278,0.07936235957137404,1.3022827261011106e-5,6.811753974437826,0.322342221751734,-4.56168436357984e-6,-113.368503478272,24,2,"successive iterates within tolerance, current iterate is probably solution",,
2021-05-11,0.9449892157661751,0.02098304443395625,7.5541350952335e-5,-1.566528052270946,0.03786697206980811,6.089351245464054e-5,6.375520640699806,0.17464528052695277,5.167066774447444e-6,-143.9487296667047,26,2,"successive iterates within tolerance, current iterate is probably solution",,
2021-05-12,0.2888243305426245,0.010101461030604605,5.933031843596832e-7,-0.3086156982546775,0.021797957501361025,6.195932655828069e-7,2.2001340812000447,0.1486224380652291,1.7905676941154511e-7,-172.12457140355258,24,1,"relative gradient is close to zero, current iterate is probably solution",,
2021-05-13,0.8548789508971918,0.01811724025876909,-2.378209629227965e-5,-1.3219706071856892,0.02618415591103111,6.270126107210666e-5,8.751754924210339,0.16575729887987145,1.0600871291899229e-5,-180.99262070787324,28,2,"successive iterates within tolerance, current iterate is probably solution",,
2021-05-14,0.813160725882772,0.01190982517317025,8.174860788301421e-4,-1.3585532515017806,0.018613522414523197,8.803768309917352e-4,7.764898312692459,0.11309137184264205,8.143732088683457e-5,-206.04457679350867,25,2,"successive iterates within tolerance, current iterate is probably solution",NA/Inf replaced by maximum positive value,
2021-05-15,0.9350600153181545,0.018071119516482204,0.0011639874131219574,-1.674485152932113,0.029502553803424175,2.598872441694764e-4,7.498391238802172,0.15152627219176482,-2.8983109245928035e-5,-163.47069042731545,26,2,"successive iterates within tolerance, current iterate is probably solution",,
2021-05-16,0.559038975134808,0.011582321506616849,5.270095471132658e-6,-1.0337292348687432,0.020743430717672182,5.636891842186737e-6,5.257066560265369,0.13702579433526338,7.346869779212278e-7,-169.51025444100978,25,1,"relative gradient is close to zero, current iterate is probably solution",,
2021-05-17,1.0508169815305932,0.02975293252052349,-6.434852650727401e-7,-2.0632395404251946,0.05608852644699926,-1.8044943317363488e-7,7.688693872359781,0.2671857801783057,-5.861977570020821e-8,-131.68995611402428,22,1,"relative gradient is close to zero, current iterate is probably solution",,
2021-05-18,0.8553888133878951,0.01625016247789941,4.651035112601672e-4,-1.0312846974445633,0.022357572510515872,2.9170905690989435e-4,4.239350085373834,0.11272528035184523,2.800959464366313e-5,-140.35837530288453,25,2,"successive iterates within tolerance, current iterate is probably solution",,
2021-05-19,1.3804566690316311,0.029812134773297912,5.428546501207161e-6,-1.9849771810975825,0.041818084730760194,5.7781335272011305e-6,8.014467160418842,0.198638628190868,4.6611603465862535e-7,-148.7503858594539,27,1,"relative gradient is close to zero, current iterate is probably solution",,
2021-05-20,1.5248685807380897,0.02448834728395264,2.663398390723157e-6,-2.2477217823619378,0.03606268335417113,1.057827603290206e-6,6.95444221291996,0.14066154344220239,-7.158007520047243e-7,-153.6948094939033,24,1,"relative gradient is close to zero, current iterate is probably solution",,
2021-05-21,1.3152347870347696,0.024151221369803494,2.0777690679096833e-4,-2.1146908620523264,0.0404332380404852,2.2759536477678905e-4,5.821963592802007,0.14453612798639348,2.2157564671942947e-5,-137.26130398703214,25,2,"successive iterates within tolerance, current iterate is probably solution",,
2021-05-22,1.2554718520773642,0.0149024129928877,-1.4317436125566008e-6,-1.7609288304657547,0.02226996978676669,-2.731326276261823e-6,4.1347618369238015,0.0830715463162406,-5.456968210637565e-7,-152.4651119810276,23,1,"relative gradient is close to zero, current iterate is probably solution",,
2021-05-23,0.7047237152169828,0.055229516309112756,-1.5421131038806362e-5,-1.782949058462382,0.14507911323703568,-1.238684887994167e-5,4.661930926426878,0.5237997227205815,-2.030532186836352e-6,-43.08988445963334,25,2,"successive iterates within tolerance, current iterate is probably solution",,
2021-05-24,0.6678681201195649,0.037264284662547206,4.952305232563954e-5,-1.6494913448464323,0.10901458417039515,4.007105758319082e-5,3.7959366703576882,0.35376993439111026,6.539835339935957e-6,-60.83954346577675,29,2,"successive iterates within tolerance, current iterate is probably solution",,
2021-05-25,0.6048272149897511,0.04893300618941042,3.023882921837636e-4,-1.92973560512363,0.2021476153930829,1.0482106738152188e-4,4.090906352952077,0.5878214204540411,1.0380912129903655e-5,-28.48745762875736,22,3,last global step failed to locate a point lower than estimate. Either estimate is an approximate local minimum of the function or steptol is too small,last global step failed to locate a point lower than estimate. Either estimate is an approximate local minimum of the function or steptol is too small,
2021-05-26,0.9281959574065246,0.15571125402737335,-7.898324549948646e-5,-4.422554016995654,0.9500169234266918,-2.46469982201347e-5,5.427343962132338,1.448729356349893,-9.417420621105057e-6,-5.713677887705494,21,3,last global step failed to locate a point lower than estimate. Either estimate is an approximate local minimum of the function or steptol is too small,last global step failed to locate a point lower than estimate. Either estimate is an approximate local minimum of the function or steptol is too small,
2021-05-27,61.61535069377345,117.33046205879609,1.08976558233101e-6,-464.1814722262895,884.6840266432987,-5.2351425071849555e-9,521.9540293498744,997.345011017321,-1.3240128937428598e-7,32.065995406490295,44,1,"relative gradient is close to zero, current iterate is probably solution",,
2021-05-28,2.1028924435378036,0.5762858381540841,2.9586999517050548e-5,-19.532622048848644,5.346398448576446,4.584840889272144e-5,23.114516487576303,6.4413663166058095,3.532622484000611e-5,-34.169976613035736,19,2,"successive iterates within tolerance, current iterate is probably solution",,
2021-05-29,-9.989558417904437,NA,-4.2748254359916096e-7,-87.09977488276722,NA,-2.623141299632269e-7,143.52371448758814,NA,-1.8877015976948942e-7,16.232034039199082,35,1,"relative gradient is close to zero, current iterate is probably solution",NaNs produced,
2021-05-30,0.6044218987106118,0.01663977981494112,0.0038268623825388173,-0.7897421550656847,0.029548846880010003,0.0030357028890648486,1.7257920320253788,0.0865073471541354,9.797474831430002e-4,-130.84891872294773,32,2,"successive iterates within tolerance, current iterate is probably solution",,
2021-05-31,0.9174200464453769,0.016673822843654627,5.160849525509543e-6,-1.7682224852998247,0.033547565772696714,4.1306691400677627e-7,4.970864677140519,0.13184582990844462,3.4106051316484777e-7,-151.95118280686725,25,1,"relative gradient is close to zero, current iterate is probably solution",,
2021-06-01,1.0135666449493879,0.019623220538340026,1.012523398458142e-7,-1.6765339074813332,0.031945041337366885,-1.5205614545266133e-7,4.155870342381535,0.12816009521531885,-3.126388037344438e-8,-119.48337643357364,24,1,"relative gradient is close to zero, current iterate is probably solution",,
2021-06-02,0.9156369474384507,0.018922542685044317,-3.8914471645057305e-6,-1.6833100558251297,0.03772816772183648,-2.430489587368354e-6,4.532284430291586,0.15958852462721448,-4.87865747800242e-7,-127.37468902942197,26,1,"relative gradient is close to zero, current iterate is probably solution",,
2021-06-03,0.06814292188306338,0.03342665466209431,-4.512872742168379e-5,-0.009845988951510358,0.08761973606664217,1.1628141294295336e-4,0.8704920397043922,0.43164464639070566,1.0055650534468433e-5,-70.28307828013044,29,3,last global step failed to locate a point lower than estimate. Either estimate is an approximate local minimum of the function or steptol is too small,last global step failed to locate a point lower than estimate. Either estimate is an approximate local minimum of the function or steptol is too small,
2021-06-04,0.6644131908852633,0.023274946529535916,-1.336809773988533e-4,-2.0922067511518403,0.0617236507011732,-9.564641345605188e-5,7.096197693925816,0.25026875620267,-1.4777555179534816e-5,-197.22756678656242,21,2,"successive iterates within tolerance, current iterate is probably solution",,
2021-06-05,0.9382110380429993,0.025167116571716348,6.745537461938506e-5,-2.702608818010099,0.06858067425951575,1.8408741198072662e-5,7.472278660239532,0.21617327883615528,-1.190869625133927e-6,-163.82657015935033,16,2,"successive iterates within tolerance, current iterate is probably solution",,
2021-06-06,1.0793418055585495,0.028738855540110266,-4.000400011250345e-5,-3.0569577593253245,0.0818792237344499,-3.5487303762238264e-5,6.3123808306712395,0.21072904291030276,-1.0922363458121243e-5,-131.8070219731079,24,2,"successive iterates within tolerance, current iterate is probably solution",,
2021-06-07,1.064578119815663,0.018057620277214533,-1.8118839761882542e-7,-2.664257084945336,0.05364450320860776,-2.6716406864579746e-7,4.21620181815506,0.124021748182557,-7.673861546209077e-8,-143.25799862306454,25,1,"relative gradient is close to zero, current iterate is probably solution",,
2021-06-08,0.7538561502023489,0.03225012681042356,1.5965895272529438e-5,-2.2892624409941966,0.09133064527495334,6.244391670406908e-5,5.769005644688221,0.23933038313224053,7.679545888095158e-6,-100.73734369514418,25,2,"successive iterates within tolerance, current iterate is probably solution",,
2021-06-09,0.9103421322136622,0.02369717833264698,-4.68817873411353e-6,-2.3489745524891372,0.06392039483281234,7.387725986518483e-6,5.48907602597822,0.1898471520142366,2.908350893449094e-6,-142.91705784805012,22,1,"relative gradient is close to zero, current iterate is probably solution",,
2021-06-10,0.5435119286821027,0.02777984698154769,4.161689659554209e-5,-1.6488647849082325,0.09229449790448994,1.2938482996105438e-4,4.500950985134376,0.2962278639361401,2.8766862669726807e-5,-108.76573596983025,26,3,last global step failed to locate a point lower than estimate. Either estimate is an approximate local minimum of the function or steptol is too small,last global step failed to locate a point lower than estimate. Either estimate is an approximate local minimum of the function or steptol is too small,
2021-06-11,1.0499776822865987,0.02561038609602404,2.9692870384678805e-4,-2.8668765250025836,0.06763551363590677,1.7098500393331037e-4,7.922802584681633,0.20811287318180138,4.1478642742731575e-5,-185.4253671404331,18,2,"successive iterates within tolerance, current iterate is probably solution",,
2021-06-12,0.5955870161135225,0.012551887398696388,5.704956329566352e-4,-1.8110714899988578,0.04743072784293445,2.9576671067843536e-4,4.525771387650609,0.14455876463554923,7.277851921116956e-5,-187.06808838981829,26,2,"successive iterates within tolerance, current iterate is probably solution",,
2021-06-13,0.9299502903351472,0.02275052541679672,3.133528991838827e-6,-2.4945521348916215,0.06532226485097649,8.989374578050038e-6,5.0673896991996985,0.17512057181032697,3.338726628498986e-6,-138.26864122288734,27,1,"relative gradient is close to zero, current iterate is probably solution",,
2021-06-14,1.0031631753706738,0.02346222637390427,-1.207407507308743e-6,-2.9986731845149626,0.08043383335311083,-1.1810499245257223e-6,4.7301074217631784,0.17370163643723896,-4.5726267217105445e-7,-128.2251839607391,24,1,"relative gradient is close to zero, current iterate is probably solution",,
2021-06-15,NA,NA,NA,NA,NA,NA,NA,NA,NA,NA,NA,NA,NA,,NAs in DO.obs; NAs in DO.sat; NAs in depth; NAs in discharge
2021-06-16,NA,NA,NA,NA,NA,NA,NA,NA,NA,NA,NA,NA,NA,,NAs in DO.obs; NAs in DO.sat; NAs in depth; NAs in discharge
2021-06-17,NA,NA,NA,NA,NA,NA,NA,NA,NA,NA,NA,NA,NA,,NAs in DO.obs; NAs in DO.sat; NAs in depth; NAs in discharge
2021-06-18,NA,NA,NA,NA,NA,NA,NA,NA,NA,NA,NA,NA,NA,,NAs in DO.obs; NAs in DO.sat; NAs in depth; NAs in discharge
2021-06-19,NA,NA,NA,NA,NA,NA,NA,NA,NA,NA,NA,NA,NA,,NAs in DO.obs; NAs in DO.sat; NAs in depth; NAs in discharge
2021-06-20,NA,NA,NA,NA,NA,NA,NA,NA,NA,NA,NA,NA,NA,,NAs in DO.obs; NAs in DO.sat; NAs in depth; NAs in discharge
2021-06-21,NA,NA,NA,NA,NA,NA,NA,NA,NA,NA,NA,NA,NA,,NAs in DO.obs; NAs in DO.sat; NAs in depth; NAs in discharge
2021-06-22,NA,NA,NA,NA,NA,NA,NA,NA,NA,NA,NA,NA,NA,,NAs in DO.obs; NAs in DO.sat; NAs in depth; NAs in discharge
2021-06-23,NA,NA,NA,NA,NA,NA,NA,NA,NA,NA,NA,NA,NA,,NAs in DO.obs; NAs in DO.sat; NAs in depth; NAs in discharge
2021-06-24,NA,NA,NA,NA,NA,NA,NA,NA,NA,NA,NA,NA,NA,,NAs in DO.obs; NAs in DO.sat; NAs in depth; NAs in discharge
2021-06-25,NA,NA,NA,NA,NA,NA,NA,NA,NA,NA,NA,NA,NA,,NAs in DO.obs; NAs in DO.sat; NAs in depth; NAs in discharge
2021-06-26,NA,NA,NA,NA,NA,NA,NA,NA,NA,NA,NA,NA,NA,,NAs in DO.obs; NAs in DO.sat; NAs in depth; NAs in discharge
2021-06-27,NA,NA,NA,NA,NA,NA,NA,NA,NA,NA,NA,NA,NA,,NAs in DO.obs; NAs in DO.sat; NAs in depth; NAs in discharge
2021-06-28,NA,NA,NA,NA,NA,NA,NA,NA,NA,NA,NA,NA,NA,,NAs in DO.obs; NAs in DO.sat; NAs in depth; NAs in discharge
2021-06-29,NA,NA,NA,NA,NA,NA,NA,NA,NA,NA,NA,NA,NA,,NAs in DO.obs; NAs in DO.sat; NAs in depth; NAs in discharge
2021-06-30,NA,NA,NA,NA,NA,NA,NA,NA,NA,NA,NA,NA,NA,,NAs in DO.obs; NAs in DO.sat; NAs in depth; NAs in discharge
2021-07-01,NA,NA,NA,NA,NA,NA,NA,NA,NA,NA,NA,NA,NA,,NAs in DO.obs; NAs in DO.sat; NAs in depth; NAs in discharge
2021-07-02,0.0021583473528251278,0.07434325252578025,-4.978517598175354e-6,-0.9790180681926758,0.1214767946665309,-5.745492970277151e-6,4.670245476449816,0.22543775399268282,-4.161471167662963e-6,-2.2251935574686015,17,1,"relative gradient is close to zero, current iterate is probably solution",,
2021-07-03,0.8271147153266472,0.02797013374233149,4.730136282660164e-6,-1.4543889796346021,0.05144959129578576,5.44261524737521e-6,4.983273491451457,0.19276673754125317,1.4859509178677386e-6,-113.2602952045174,24,1,"relative gradient is close to zero, current iterate is probably solution",,
2021-07-04,1.4677114686931816,0.022828688025784864,0.010428955974361987,-2.335144517807328,0.03643866123534406,0.006526547892349293,4.687719123236103,0.11677859130460669,2.121735604987405e-4,-130.7470793550549,29,2,"successive iterates within tolerance, current iterate is probably solution",,
2021-07-05,2.227819492148277,0.6641097151439037,-3.0206948054001226e-8,-10.766409040254723,3.446048951758768,-3.432300518387985e-8,15.793411661112597,5.3781344734312615,-1.8380590649046532e-8,13.706563234448348,17,1,"relative gradient is close to zero, current iterate is probably solution",,
2021-07-06,-0.49076330070856444,NA,1346.6224443287178,4.7378629726847565,NA,1138.5053125353616,-4.7833231445321385,NA,977.2021301691254,-1.4329460169276609,58,3,last global step failed to locate a point lower than estimate. Either estimate is an approximate local minimum of the function or steptol is too small,NaNs produced; last global step failed to locate a point lower than estimate. Either estimate is an approximate local minimum of the function or steptol is too small,
2021-07-07,-0.08754118972021865,0.0725666112992818,-0.3064043985578909,1.7734425897520247,0.40846190339978544,-0.21400321472775355,-2.0166678730539,0.3724481983040116,-0.21416171669486042,21.67230274658466,30,3,last global step failed to locate a point lower than estimate. Either estimate is an approximate local minimum of the function or steptol is too small,last global step failed to locate a point lower than estimate. Either estimate is an approximate local minimum of the function or steptol is too small,
2021-07-08,1.9616017664508496,0.1495078206637372,-4.5661252556783404e-6,0.011716288295705883,0.2166363033804747,-4.237676876073234e-6,-1.143690058632651,0.19050432796807495,-3.0944136142352338e-6,63.49978396775665,43,1,"relative gradient is close to zero, current iterate is probably solution",,
2021-07-09,1.4338274555072716,0.39414432356430107,2.183142555622906e-6,-4.725704126045632,1.0839038664724105,2.287947609147521e-6,26.253094122849188,5.6210550274496756,3.2802906648314686e-7,-99.40282335183743,19,1,"relative gradient is close to zero, current iterate is probably solution",,
2021-07-10,11.24310391998047,11.228167304820523,-2.2801872230910524e-6,-33.71606841367575,32.90456790363395,3.161145868383157e-8,123.30495314995883,120.49356457920348,2.2093361047638753e-7,-89.94076025458658,32,1,"relative gradient is close to zero, current iterate is probably solution",,
2021-07-11,0.6249444633933863,0.019026238942055868,2.5430679784221844e-4,-2.7328069413468676,0.07755018266073214,-5.7133320296998095e-5,7.270821201330644,0.23388889654763872,-3.417142124817471e-5,-199.52552413718365,20,2,"successive iterates within tolerance, current iterate is probably solution",,
2021-07-12,0.75871790393993,0.028104837090598554,-1.658409942706383e-4,-3.0056160369318325,0.11382778876469259,-1.4653197411007554e-4,6.416378029321616,0.27791672166208015,-4.934437924930531e-5,-145.33568422244554,23,2,"successive iterates within tolerance, current iterate is probably solution",,
2021-07-13,NA,NA,NA,NA,NA,NA,NA,NA,NA,NA,NA,NA,NA,,NAs in DO.obs
2021-07-14,NA,NA,NA,NA,NA,NA,NA,NA,NA,NA,NA,NA,NA,,NAs in DO.obs
2021-07-15,NA,NA,NA,NA,NA,NA,NA,NA,NA,NA,NA,NA,NA,,NAs in DO.obs
2021-07-16,NA,NA,NA,NA,NA,NA,NA,NA,NA,NA,NA,NA,NA,,NAs in DO.obs
2021-07-17,NA,NA,NA,NA,NA,NA,NA,NA,NA,NA,NA,NA,NA,,NAs in DO.obs
2021-07-18,NA,NA,NA,NA,NA,NA,NA,NA,NA,NA,NA,NA,NA,,NAs in DO.obs
2021-07-19,NA,NA,NA,NA,NA,NA,NA,NA,NA,NA,NA,NA,NA,,NAs in DO.obs
2021-07-20,NA,NA,NA,NA,NA,NA,NA,NA,NA,NA,NA,NA,NA,,NAs in DO.obs
2021-07-21,1.1481671521464214,0.03024958578220762,7.837712701075353e-6,-3.0089159751259036,0.07410173171429833,1.4863431374578781e-5,7.747137388146778,0.22109827428682916,4.350837912170387e-6,-167.27836487962986,22,1,"relative gradient is close to zero, current iterate is probably solution",,
2021-07-22,0.9454066712538267,0.031026512243050138,-6.672049579492516e-6,-2.2452534080571604,0.08053073738499025,-4.65006166905368e-6,4.500293636022249,0.21983767837839002,-1.4501111422759992e-6,-96.90650654738593,24,1,"relative gradient is close to zero, current iterate is probably solution",,
2021-07-23,0.3760380121539084,0.09820594578596362,2.713518298946835e-7,-2.096853530572887,0.5012175005732968,7.63762386668531e-8,5.3334567640201795,1.4514133616504747,2.298783385867862e-8,23.075325630762443,21,1,"relative gradient is close to zero, current iterate is probably solution",,
2021-07-24,2.5412091037495133,0.5053743736041332,6.480149750132109e-6,-14.04956207852181,2.8689129506433364,3.7632123102780553e-6,23.173785531316177,4.869687669433232,1.5425794369151696e-6,-54.71122741830713,19,1,"relative gradient is close to zero, current iterate is probably solution",,
2021-07-25,-0.12538206955042733,0.048255020706554456,1.1001999761095493,1.5411876664532302,0.13190866004101215,0.8461297963222584,-3.1717989134423363,0.2013899772685105,0.41706749593295417,-21.77199982109516,75,3,last global step failed to locate a point lower than estimate. Either estimate is an approximate local minimum of the function or steptol is too small,last global step failed to locate a point lower than estimate. Either estimate is an approximate local minimum of the function or steptol is too small,
2021-07-26,-0.19824236227693345,0.022283567788620166,-0.10208113951470911,2.446982551048894,NA,-0.03739591567963881,-2.093567732632631,NA,-0.1950224364577478,-50.8113466006258,39,3,last global step failed to locate a point lower than estimate. Either estimate is an approximate local minimum of the function or steptol is too small,NaNs produced; last global step failed to locate a point lower than estimate. Either estimate is an approximate local minimum of the function or steptol is too small,
2021-07-27,NA,NA,NA,NA,NA,NA,NA,NA,NA,NA,NA,NA,NA,,NAs in DO.obs; NAs in DO.sat; NAs in depth; NAs in discharge
2021-07-28,NA,NA,NA,NA,NA,NA,NA,NA,NA,NA,NA,NA,NA,,NAs in DO.obs; NAs in DO.sat; NAs in depth; NAs in discharge
2021-07-29,NA,NA,NA,NA,NA,NA,NA,NA,NA,NA,NA,NA,NA,,NAs in DO.obs; NAs in DO.sat; NAs in depth; NAs in discharge
2021-07-30,NA,NA,NA,NA,NA,NA,NA,NA,NA,NA,NA,NA,NA,,NAs in DO.obs; NAs in DO.sat; NAs in depth; NAs in discharge
2021-07-31,NA,NA,NA,NA,NA,NA,NA,NA,NA,NA,NA,NA,NA,,NAs in DO.obs; NAs in DO.sat; NAs in depth; NAs in discharge
2021-08-01,NA,NA,NA,NA,NA,NA,NA,NA,NA,NA,NA,NA,NA,,NAs in DO.obs; NAs in DO.sat; NAs in depth; NAs in discharge
2021-08-02,NA,NA,NA,NA,NA,NA,NA,NA,NA,NA,NA,NA,NA,,NAs in DO.obs; NAs in DO.sat; NAs in depth; NAs in discharge
2021-08-03,NA,NA,NA,NA,NA,NA,NA,NA,NA,NA,NA,NA,NA,,NAs in DO.obs; NAs in DO.sat; NAs in depth; NAs in discharge
2021-08-04,NA,NA,NA,NA,NA,NA,NA,NA,NA,NA,NA,NA,NA,,NAs in DO.sat; NAs in depth; NAs in discharge
2021-08-05,NA,NA,NA,NA,NA,NA,NA,NA,NA,NA,NA,NA,NA,,NAs in DO.sat; NAs in depth; NAs in discharge
2021-08-06,NA,NA,NA,NA,NA,NA,NA,NA,NA,NA,NA,NA,NA,,NAs in DO.sat; NAs in depth; NAs in discharge
2021-08-07,NA,NA,NA,NA,NA,NA,NA,NA,NA,NA,NA,NA,NA,,NAs in DO.sat; NAs in depth; NAs in discharge
2021-08-08,NA,NA,NA,NA,NA,NA,NA,NA,NA,NA,NA,NA,NA,,NAs in DO.sat; NAs in depth; NAs in discharge
2021-08-09,NA,NA,NA,NA,NA,NA,NA,NA,NA,NA,NA,NA,NA,,NAs in DO.sat; NAs in depth; NAs in discharge
2021-08-10,NA,NA,NA,NA,NA,NA,NA,NA,NA,NA,NA,NA,NA,,NAs in DO.sat; NAs in depth; NAs in discharge
2021-08-11,3.8148676296213755,NA,-1.111999381464556e-6,-103.12060161067294,NA,-1.9809915122710613e-7,82.40432272472653,NA,-2.249862109146038e-7,14.716625333427213,36,1,"relative gradient is close to zero, current iterate is probably solution",NaNs produced,
2021-08-12,0.8700603450643141,NA,6.247331207909206e-5,-71.29964687253347,NA,-4.960426237718602e-5,55.16146109755618,NA,-6.602048282059634e-5,-11.732361743441732,28,3,last global step failed to locate a point lower than estimate. Either estimate is an approximate local minimum of the function or steptol is too small,NaNs produced; last global step failed to locate a point lower than estimate. Either estimate is an approximate local minimum of the function or steptol is too small,
2021-08-13,2.6599843049185523,NA,-2.13828954542805e-7,-106.71488706921353,NA,-1.929250579190124e-7,78.94456556715211,NA,-2.5921519287460037e-7,6.7084652107796785,32,1,"relative gradient is close to zero, current iterate is probably solution",NaNs produced,
2021-08-14,-2.465386856491186,0.2415085855165433,-2.1049828546892948e-8,0.044859539301609075,1.1371702138653816,-2.6062707547680452e-8,3.468730603567726,0.9952142091138987,-3.175415486111885e-8,113.402459618673,32,1,"relative gradient is close to zero, current iterate is probably solution",,
2021-08-15,1.3126335404106502,0.15992990330366072,-7.013056801952183e-6,-5.551088450818771,0.6349465646886562,-2.9416469260468127e-6,15.725200916202246,1.8130647810866598,-5.36797446710691e-7,-104.51198486706167,18,1,"relative gradient is close to zero, current iterate is probably solution",,
2021-08-16,0.8393770915057223,0.030528070716680334,-6.256062334841766e-7,-2.697954894263777,0.11443505018374639,-7.833520498934369e-7,4.652105088599594,0.26615174289819676,-2.883595584535212e-7,-112.77340818420902,26,1,"relative gradient is close to zero, current iterate is probably solution",,
2021-08-17,8.960074303780724,33.99787416440596,-1.19149732946866e-7,-107.40872108965269,398.7802094681458,3.3264989096487326e-7,135.27912198476633,503.13548928525904,2.696392721682154e-7,34.73088169330896,34,1,"relative gradient is close to zero, current iterate is probably solution",,
2021-08-18,1.130443905682961,0.0843866412204823,5.526956670109934e-7,-4.011846596546969,0.2706456096007068,2.581757030384322e-7,10.453077296994397,0.6657389569594374,1.2549452773466837e-7,-54.318094245729434,20,1,"relative gradient is close to zero, current iterate is probably solution",,
2021-08-19,-0.5862950971658775,0.0554840230641316,0.07545854825874436,1.4636590722714835,0.12833062563436148,0.05626442558792628,-2.017281905499812,0.10949561650926963,0.034276616716510916,-17.827012798424377,45,3,last global step failed to locate a point lower than estimate. Either estimate is an approximate local minimum of the function or steptol is too small,last global step failed to locate a point lower than estimate. Either estimate is an approximate local minimum of the function or steptol is too small,
2021-08-20,-2.919761929835711,0.3081021741272961,1.5329959524024149e-6,0.4218541476425958,0.8715754444956751,-3.201705567335009e-6,3.7450711725477506,0.966952127067914,-2.9899638320784995e-6,97.40259433622849,23,1,"relative gradient is close to zero, current iterate is probably solution",,
2021-08-21,0.29280134328089874,0.09183998025285973,-1.196946541881515e-4,-1.9079655692542798,0.41654022516934336,-1.8998922257651413e-4,5.288961914864865,1.3138514392933074,-5.233417965655458e-5,-112.41944077662525,29,3,last global step failed to locate a point lower than estimate. Either estimate is an approximate local minimum of the function or steptol is too small,last global step failed to locate a point lower than estimate. Either estimate is an approximate local minimum of the function or steptol is too small,
2021-08-22,0.4121047277077752,0.03639172868891143,-2.1142199102541764e-5,-3.2125500351951497,0.24281124758257674,-1.682280981185612e-5,8.799969878210279,0.6748450344747616,-5.1755932872765655e-6,-145.3732534214087,17,2,"successive iterates within tolerance, current iterate is probably solution",,
2021-08-23,0.8342661904999972,0.04024488884228749,-6.594458312747513e-7,-2.8988307443326633,0.14737637951224375,-3.462403697085389e-7,5.880099685599207,0.37131746249396963,-1.0255263305225517e-7,-87.62294826584059,19,1,"relative gradient is close to zero, current iterate is probably solution",,
2021-08-24,NA,NA,NA,NA,NA,NA,NA,NA,NA,NA,NA,NA,NA,,NAs in depth; NAs in discharge
2021-08-25,NA,NA,NA,NA,NA,NA,NA,NA,NA,NA,NA,NA,NA,,NAs in depth; NAs in discharge
2021-08-26,NA,NA,NA,NA,NA,NA,NA,NA,NA,NA,NA,NA,NA,,NAs in depth; NAs in discharge
2021-08-27,NA,NA,NA,NA,NA,NA,NA,NA,NA,NA,NA,NA,NA,,NAs in depth; NAs in discharge
2021-08-28,NA,NA,NA,NA,NA,NA,NA,NA,NA,NA,NA,NA,NA,,NAs in depth; NAs in discharge
2021-08-29,NA,NA,NA,NA,NA,NA,NA,NA,NA,NA,NA,NA,NA,,NAs in depth; NAs in discharge
2021-08-30,NA,NA,NA,NA,NA,NA,NA,NA,NA,NA,NA,NA,NA,,NAs in depth; NAs in discharge
2021-08-31,NA,NA,NA,NA,NA,NA,NA,NA,NA,NA,NA,NA,NA,,NAs in DO.sat; NAs in depth; NAs in discharge
2021-09-01,NA,NA,NA,NA,NA,NA,NA,NA,NA,NA,NA,NA,NA,,NAs in DO.sat; NAs in depth; NAs in discharge
2021-09-02,NA,NA,NA,NA,NA,NA,NA,NA,NA,NA,NA,NA,NA,,NAs in DO.sat; NAs in depth; NAs in discharge
2021-09-03,NA,NA,NA,NA,NA,NA,NA,NA,NA,NA,NA,NA,NA,,NAs in DO.sat; NAs in depth; NAs in discharge
2021-09-04,NA,NA,NA,NA,NA,NA,NA,NA,NA,NA,NA,NA,NA,,NAs in DO.sat; NAs in depth; NAs in discharge
2021-09-05,NA,NA,NA,NA,NA,NA,NA,NA,NA,NA,NA,NA,NA,,NAs in DO.sat; NAs in depth; NAs in discharge
2021-09-06,NA,NA,NA,NA,NA,NA,NA,NA,NA,NA,NA,NA,NA,,NAs in DO.sat; NAs in depth; NAs in discharge
2021-09-07,NA,NA,NA,NA,NA,NA,NA,NA,NA,NA,NA,NA,NA,,NAs in DO.sat; NAs in depth; NAs in discharge
2021-09-08,NA,NA,NA,NA,NA,NA,NA,NA,NA,NA,NA,NA,NA,,NAs in DO.sat; NAs in depth; NAs in discharge
2021-09-09,NA,NA,NA,NA,NA,NA,NA,NA,NA,NA,NA,NA,NA,,NAs in DO.sat; NAs in depth; NAs in discharge
2021-09-10,NA,NA,NA,NA,NA,NA,NA,NA,NA,NA,NA,NA,NA,,NAs in DO.sat; NAs in depth; NAs in discharge
2021-09-11,NA,NA,NA,NA,NA,NA,NA,NA,NA,NA,NA,NA,NA,,NAs in DO.sat; NAs in depth; NAs in discharge
2021-09-12,NA,NA,NA,NA,NA,NA,NA,NA,NA,NA,NA,NA,NA,,NAs in DO.sat; NAs in depth; NAs in discharge
2021-09-13,NA,NA,NA,NA,NA,NA,NA,NA,NA,NA,NA,NA,NA,,NAs in DO.sat; NAs in depth; NAs in discharge
2021-09-14,NA,NA,NA,NA,NA,NA,NA,NA,NA,NA,NA,NA,NA,,NAs in DO.sat; NAs in depth; NAs in discharge
2021-09-15,NA,NA,NA,NA,NA,NA,NA,NA,NA,NA,NA,NA,NA,,NAs in DO.sat; NAs in depth; NAs in discharge
2021-09-16,NA,NA,NA,NA,NA,NA,NA,NA,NA,NA,NA,NA,NA,,NAs in DO.sat; NAs in depth; NAs in discharge
2021-09-17,NA,NA,NA,NA,NA,NA,NA,NA,NA,NA,NA,NA,NA,,NAs in DO.sat; NAs in depth; NAs in discharge
2021-09-18,-0.06657462514189541,0.02842487131285653,-424.7163369927605,6.4955129279593855,0.04684767853521306,-428.8033439748183,-5.16589413434046,0.011457380500376946,-521.2972968555163,16.766472690877425,35,3,last global step failed to locate a point lower than estimate. Either estimate is an approximate local minimum of the function or steptol is too small,last global step failed to locate a point lower than estimate. Either estimate is an approximate local minimum of the function or steptol is too small,
2021-09-19,-0.04259130154092044,0.14072327723202926,7.761347120549538e-5,-34.708658045289255,17.23901375664835,-1.1746292598330716e-4,29.97722362972909,14.819811690314209,-1.3544784294822166e-4,-17.649806643273816,23,2,"successive iterates within tolerance, current iterate is probably solution",,
2021-09-20,-39.61150702659581,NA,-2.1459870268400855e-07,-731.6917013040583,NA,-8.116930923490145e-8,764.8313081409149,NA,-8.829869365409089e-8,25.645164462600217,53,1,"relative gradient is close to zero, current iterate is probably solution",NaNs produced,
2021-09-21,0.010414640292488767,0.01392837979010338,0.1921366603330197,-0.3516861230156382,0.11571596492232127,0.2455197863113765,0.0314715847999878,0.09224101514084454,0.22679109843437553,-126.27578009149055,25,3,last global step failed to locate a point lower than estimate. Either estimate is an approximate local minimum of the function or steptol is too small,last global step failed to locate a point lower than estimate. Either estimate is an approximate local minimum of the function or steptol is too small,
2021-09-22,-36.18334968173641,36.40541662757156,-5.79060321054863e-7,-73.61714952771032,76.95415702820615,-4.616351557972702e-7,112.28788359017854,113.2711093074489,-4.713665715313275e-7,151.3869751413323,29,1,"relative gradient is close to zero, current iterate is probably solution",,
2021-09-23,0.4446270701145285,0.05672589446602964,-2.0357049379526853e-6,-2.2874695610439217,0.24680827768173175,-7.98934252088656e-6,9.577477072050703,1.0162835774451635,-2.5863755581667626e-7,-129.89846298134603,32,1,"relative gradient is close to zero, current iterate is probably solution",,
2021-09-24,0.608979230790429,0.02580973355459119,7.210232411125611e-6,-2.1628773637779726,0.09596265870545254,1.3855583347321943e-6,6.3229754707729215,0.3348901610567183,3.410605131648478e-8,-113.35552739805838,22,1,"relative gradient is close to zero, current iterate is probably solution",,
2021-09-25,7.156275899202407,NA,3.042011087472926e-8,-73.35844262379022,NA,4.901066754353547e-8,185.2849560055005,NA,1.850322213931229e-8,-14.539469626206493,40,1,"relative gradient is close to zero, current iterate is probably solution",NaNs produced,
2021-09-26,8.565201818573644,NA,6.595074896009262e-7,-516.043596362959,NA,9.948134812733836e-9,1123.701922404911,NA,2.5292925876265075e-10,28.3603053825423,52,1,"relative gradient is close to zero, current iterate is probably solution",NaNs produced,
2021-09-27,-0.13877107209450426,0.0764829220156465,6.102562899457092e-7,-0.00162657561902432,0.4138714812189362,1.50587986524897e-6,-0.324925082435048,0.5708234655743903,1.2846772534658147e-6,23.562530877961624,26,1,"relative gradient is close to zero, current iterate is probably solution",,
2021-09-28,-0.348009538529461,0.021733491270289243,-14.038974578394189,2.3011054592425157,0.02050805827336757,-10.756911791389703,-3.4105811442412732,NA,-6.494769520209326,-73.40630882885951,34,3,last global step failed to locate a point lower than estimate. Either estimate is an approximate local minimum of the function or steptol is too small,NaNs produced; last global step failed to locate a point lower than estimate. Either estimate is an approximate local minimum of the function or steptol is too small,
2021-09-29,38.85354972945656,NA,-5.072661527726171e-6,-1117.0446852066646,NA,-1.2264698298959721e-6,1282.515755528006,NA,-9.186506163846029e-7,1.7297480336306483,54,3,last global step failed to locate a point lower than estimate. Either estimate is an approximate local minimum of the function or steptol is too small,NaNs produced; last global step failed to locate a point lower than estimate. Either estimate is an approximate local minimum of the function or steptol is too small,
2021-09-30,NA,NA,NA,NA,NA,NA,NA,NA,NA,NA,NA,NA,NA,,data don't end when expected
