site,resolution,date,GPP,GPP.lower,GPP.upper,GPP.n_eff,GPP.Rhat,ER,ER.lower,ER.upper,ER.n_eff,ER.Rhat,K600,K600.lower,K600.upper,K600.n_eff,K600.Rhat,DO.obs,DO.sat,DO.amp,DO.psat,depth,temp.water,discharge,shortwave
NC_NHC,15min,2018-11-21,0.2885822403499604,-0.0074774601961806,0.5601373141388644,252.07006978465915,1.01487081746303,-1.8526010916899764,-2.3951198889770673,-1.2136698037633789,179.47240243007855,1.0298784496217237,13.96703768508718,11.31504181377679,16.435014830937444,173.68790490852882,1.0275064318291127,11.1346875,11.489724637978282,0,96.9099595580843,0.44059072130292176,9.324135416666667,1.2880435947874298,164.96093394293857
NC_NHC,15min,2018-11-22,0.2677839965567518,0.01247041389386617,0.5307507506733646,356.2043051794688,1.005301069244508,-1.7393365229559192,-2.341579084602171,-1.1661003618232904,213.4866246968975,1.012813243332059,12.796659642701872,10.219307644249996,15.352325790969685,166.37663278135472,1.0147606158558908,11.5075,11.885165606848766,0,96.82237825418993,0.43241463965068994,8.20090625,1.2086088841493596,163.72417056367567
NC_NHC,15min,2018-11-23,0.2889911118909604,0.0080304684733697,0.5428871130677553,459.5745291163835,1.0044119633828914,-1.6840953043999745,-2.2727157863818372,-1.139817060204128,306.7712239368773,1.007041826794299,12.020051842923372,9.79757020168476,14.552913957269132,345.5362651742395,1.0105375102183225,11.8040625,12.171111770955081,0,96.98425848137391,0.4254080241778567,7.173552083333333,1.1432187382936172,162.52975087045058
NC_NHC,15min,2018-11-24,0.10363605902702268,-0.16793356824887806,0.3660193575396,296.30336899318354,1.0105698708168729,-3.1145558560849342,-3.736647048385236,-2.5138584706840175,194.9915467907834,1.012516094312354,22.979317205224746,20.15404224273966,26.13020990640066,182.71519643206503,1.0211787549079596,11.566875,11.893039472914586,0,97.25751794856649,0.5109648148078076,7.416104166666667,2.2515910580538514,161.36884781748162
NC_NHC,15min,2018-11-25,0.33837942146745525,0.07921089000511533,0.6082660026817743,378.335907889421,1.014356410196993,-2.8546108271562947,-3.434936402167154,-2.310959717081452,277.48293434166914,1.0220410204478672,22.094341122958237,19.435592235408095,24.915201002739245,198.3455662318678,1.0180728993381611,11.215520833333333,11.477985397887661,0,97.7133220207561,0.510714481536198,8.978770833333334,2.131871647138933,160.24194946789027
NC_NHC,15min,2018-11-26,0.3926995109101291,0.1523567970140264,0.6901245476267882,428.45102973060216,1.004947019351717,-2.6516980398528904,-3.2961837228175535,-2.1609228542730667,309.9863777285794,1.0040964383874391,19.586064826726428,17.123692502855477,22.204009322813494,343.75097214192726,1.004296713654242,10.870520833333334,11.162656844404511,0,97.38291685265219,0.48561363972559934,9.791552083333332,1.7940260097834904,159.14952746514052
NC_NHC,15min,2018-11-27,0.4710517259523551,0.198968554585803,0.743969938660903,398.16678495136705,1.0026517516331086,-2.386318250851702,-3.0401681729415535,-1.7777680886053788,254.73232014709345,1.0145488596118453,16.239833931510752,13.638058723450602,19.00218249170123,229.60030996661487,1.0240393719366527,11.242083333333333,11.617866416030612,0,96.76547251241618,0.4543165234390815,8.241020833333334,1.4319141340907753,158.09203703428545
NC_NHC,15min,2018-11-28,0.4169292460539578,0.14661016106000088,0.6760268038218641,325.6183767521898,1.0094093238010091,-2.1369359134040953,-2.788836245872068,-1.4406135172124088,210.9014065839316,1.0271202010971745,13.299966864110344,10.352902070782786,15.920031528684062,233.02862183415124,1.0199986840339768,11.909791666666667,12.389647290144476,0,96.1269630019289,0.4367635110879579,5.964083333333334,1.2505998020896225,157.06991700117675
NC_NHC,15min,2018-11-29,0.31439960803172207,0.04738719085283811,0.5790341791926423,384.7522926444756,1.011441296773759,-1.9114994605134576,-2.469099894695261,-1.369161728628269,345.4201330603527,1.0157789691187105,12.034399926053734,9.504491090579966,14.393405890565967,340.6373585267047,1.014025692480639,12.213645833333333,12.61864956314051,0,96.79043523809231,0.4288390590272759,5.394572916666666,1.1748995207615234,156.08358981260557
NC_NHC,15min,2018-11-30,0.4915255696460217,0.22603662916970685,0.7550627789761084,276.37661209917053,1.0089413111257064,-1.898108726377853,-2.4121361215734405,-1.353276294316499,244.86520081924633,1.015075537793099,11.8227020554755,9.36939592571722,14.14029304339961,358.8999423372307,1.0123502947742773,11.610729166666667,11.877901090852507,0,97.75068067883142,0.4248840395947332,7.737552083333333,1.138385080138858,155.1334615738328
NC_NHC,15min,2018-12-01,0.6336951949119873,0.35859802158491616,0.8996140549416328,303.16012972954167,1.0251713087373222,-2.0343475473884345,-2.598282655081587,-1.489580330886563,275.73185847044425,1.0208361846947565,12.441614380093265,9.956574319393276,14.726037723910316,296.7497146847607,1.0207640390580714,10.888958333333333,11.151583670651679,0,97.64495030414815,0.4272168915248024,10.229697916666666,1.1605250309252568,154.21992208749077
NC_NHC,15min,2018-12-02,0.5902425233195628,0.3149637881016388,0.8546395574571204,310.9596937300933,1.009223261808557,-2.4586804496051577,-3.0217422557693014,-1.8686394587423052,137.3873624506981,1.02116972942975,15.351042050992897,12.78146465404785,17.95894711929403,114.840429042294,1.0388288027539665,10.3128125,10.592361116503659,0,97.36084699691646,0.4517731788082987,12.130770833333333,1.4027712208849517,153.34334490725476
NC_NHC,15min,2018-12-03,0.9908957985275482,0.708510142664788,1.2846597829407034,321.8073960601501,1.010032844423869,-2.1740985309159195,-2.706962211152791,-1.5740297798719656,262.4694878235157,1.012522241371397,12.91925821115232,10.530728704345934,15.210213609949852,253.49478167121956,1.0151588142253514,10.2678125,10.525362260614425,0,97.55305561711478,0.43947809427695883,12.547812500000001,1.2776841428295003,152.50408738779225
NC_NHC,15min,2018-12-04,0.8394340369974123,0.5632720178247047,1.1094684181405192,396.4477976150215,1.0022832501252823,-1.886988625103452,-2.417771431530084,-1.3030175579469887,338.5942302041956,1.0108833757039242,11.538811963547364,9.258946888759644,13.735513911662142,352.58780416393546,1.01396030198166,10.767083333333334,11.071413273581806,0,97.2512096448007,0.42704234169264743,10.645958333333333,1.1583648535686268,151.7024907484627
NC_NHC,15min,2018-12-05,0.8686206124697118,0.6105271218875534,1.144023486768635,447.3323248982673,1.0043798964145612,-1.7027756137967782,-2.288793995918413,-1.1578060302190718,316.74569127769547,1.0084376644743611,10.61494130477691,8.44532384513954,12.99931489991222,342.77153713323787,1.013389031160093,11.2853125,11.609767023685041,0,97.20533131265147,0.41832559611418024,8.833729166666666,1.0798252717673518,150.9665806130501
NC_NHC,15min,2018-12-06,0.8014239312201057,0.5432724434056077,1.0931363405376604,211.30144806218047,1.011760634632708,-1.6178918697465778,-2.201789113679518,-1.072822614217262,184.15268072819245,1.0147627608278675,9.765731239075848,7.644515271530744,11.948341010922071,221.71024636736055,1.016632065211284,11.9965625,12.300318573051483,0,97.53050239107647,0.4120760028987983,6.716875,1.0258450838359408,150.2708055750516
NC_NHC,15min,2018-12-07,0.8968680804713685,0.6270292658462644,1.1786263737239575,380.5518386857711,1.0075323998082115,-1.534194893960584,-2.0240309813133104,-1.0134383681652297,311.3861936479591,1.0130134874508463,9.171134825879763,7.077925817135633,11.250496146320009,327.5120666399979,1.0084124220234985,12.1640625,12.42034257765729,0,97.93661023393744,0.4088353396518061,6.417552083333334,0.9986609549510709,149.61300689298108
NC_NHC,15min,2018-12-08,0.974428476903021,0.6947695569545075,1.2823638148848269,213.31521409581455,1.0341383631841032,-1.703074276396522,-2.228676840843513,-1.1534805598174245,222.3739769263682,1.034584123402894,9.3164108360478,7.084591030846985,11.264705069041131,268.60286071333815,1.0320457528979514,12.238854166666666,12.488016742710096,0,98.00478665926774,0.4067598263424978,6.27584375,0.9815273073142537,148.99344564922626
NC_NHC,15min,2018-12-09,0.4644637555914256,0.21701314601068197,0.7123064363553451,530.0967306958945,1.0115727274981594,-6.177666160524405,-7.1436979764252575,-5.373858273267078,98.36840220451218,1.0330926361588892,23.494105531244884,20.7233209965561,26.691321078516175,79.89720742042564,1.0382501299331244,12.8228125,13.61385023031336,0,94.1894635468224,0.515524823936137,2.4951979166666667,2.679611551603461,148.41236727449078
NC_NHC,15min,2018-12-10,-7.172718196786821e-4,-0.26456276689027997,0.24418713436721315,525.1821358852286,1.0095372941928529,-6.766124962161406,-8.109753440115531,-5.667680548348653,45.73500493836271,1.075432288574605,30.19732494606454,25.71614403874966,36.11150083621703,41.068875242090414,1.0858668249372514,12.729895833333334,13.185843118035253,0,96.54214538561978,0.6977152386931466,3.7242916666666668,6.3019450028531825,147.87000161972543
NC_NHC,15min,2018-12-11,0.6652228537567044,0.4126002209752339,0.9288471464787365,448.44410277562406,1.0014962785099444,-5.208225522226202,-6.050582600482858,-4.412906310030032,108.82859019868252,1.0270795644094293,27.54826516215222,24.099652871274586,31.50873218406391,70.91548629846066,1.0443412182091234,12.481666666666667,12.894005385280789,0,96.80208975959613,0.5645484634351791,4.626802083333334,2.9996546134101156,147.36656302742588
NC_NHC,15min,2018-12-12,0.8483303519625391,0.5729227336071903,1.136108339871568,263.4156105942077,1.0174816581739967,-4.376144565545851,-5.064516514768497,-3.744240779474232,110.99180394174812,1.0253946704894328,24.247534716621026,21.337209867877473,27.12816110866036,79.17216209332382,1.0332949935502092,12.465208333333333,12.844222085142388,0,97.04914980995633,0.5331196499038933,4.844416666666667,2.4641469448594977,146.9022503992002
NC_NHC,15min,2018-12-13,0.9559790798933662,0.6926368985149673,1.247959112598764,259.24552580210116,1.0262065777961604,-4.003166996994156,-4.694306030011802,-3.3899070945818512,146.34158163173592,1.0397952494758065,23.390843454187028,20.7280341921271,26.172543921434432,99.61424849391248,1.0446779113311029,12.3925,12.727681045743195,0,97.36651912835845,0.5285728491502315,5.32421875,2.3938676111253936,146.47724725950542
NC_NHC,15min,2018-12-14,0.8878734754578659,0.48032889114688976,1.2782699423434076,56.67437630337452,1.0614920678893631,-7.7814894151392,-9.983047616491172,-5.434019385249858,33.58748355989481,1.095429572723523,41.79837400358561,29.81418469132824,53.12138964079372,31.96215311780029,1.0998404743820416,12.120416666666667,12.42783970626817,0,97.52633565553272,0.7521475508551635,6.066854166666666,10.3566464447685,146.09172181545563
NC_NHC,15min,2018-12-15,-0.10741699305022868,-0.37792195588311694,0.1722933540271514,448.0701930544463,1.0060533247793948,-6.818498434352985,-8.732821022402074,-4.681543457950943,34.38901782443471,1.0962728726530642,42.84933631617467,28.35902842041231,55.50113580563511,30.038886215736262,1.103795529908551,11.755208333333334,12.001022952391331,0,97.951719448974,0.8167993767615553,7.165197916666667,10.906515634281456,145.74582701335038
NC_NHC,15min,2018-12-16,0.5573580571698078,0.29925825949282675,0.8300266811367497,478.67759869641577,0.999927879030376,-4.068284080766354,-4.704267369281573,-3.438895666908073,132.4872472845306,1.0122637620915356,30.114064658484615,26.723643880864447,33.761771436563144,77.91566930384822,1.0223728005069168,11.346145833333333,11.583520276243075,0,97.95075730651088,0.6066727640277045,8.5818125,3.8869472132835834,145.43970058720632
NC_NHC,15min,2018-12-17,0.6904432312672286,0.4445057844761803,0.96898842621092,200.437798102224,1.0276615095669748,-3.372135526917863,-3.998889137176537,-2.7898437823920226,135.9355947809967,1.044674102804189,23.527630708982265,20.845966128988525,26.43895552463037,85.9380082951301,1.0518909048767031,11.396041666666667,11.681517581838962,0,97.55617441678879,0.5260180232478552,8.321822916666667,2.3558875340089593,145.1734651037011
NC_NHC,15min,2018-12-18,0.7943226371277281,0.5097759287061076,1.089285804722222,241.30377245701408,1.0075504226781802,-3.1822232619689883,-3.8315283900201864,-2.508897515132051,166.7643069745245,1.0124290712639423,20.906837371571683,18.227096307527695,23.4763393376563,178.80245762650296,1.0198263237526315,11.676458333333333,12.000777241955435,0,97.2975174683831,0.5005118564239338,7.4523125,1.9884779781808448,144.94722799952703
NC_NHC,15min,2019-01-08,1.7328268843872574,1.422522345096873,2.0513687749533696,215.30675151252152,1.0143369100274962,-2.272961005885635,-2.7589499110357387,-1.7949913134703517,240.20937807220992,1.0139458803970065,16.774006024384143,14.254149324419512,18.95188957549584,171.0125382205766,1.0283894839964265,11.013125,11.06897041727664,0,99.49547776196533,0.4630206542575268,10.523677083333334,1.525051031940174,149.93537747481642
NC_NHC,15min,2019-01-09,1.5820983099005916,1.2653204179120738,1.885373045255804,234.81988487132875,1.0164076898915777,-2.1814449134385256,-2.704681934716915,-1.6308874617079931,241.93051787569624,1.0180550431552111,15.348209743042634,13.130873732631002,17.55250983052361,300.8079851006077,1.010287650021278,11.157083333333333,11.32683991381247,0,98.50128913473803,0.45362754951913503,9.511875,1.422588260807969,150.61482358004346
NC_NHC,15min,2019-01-10,1.3588430531639075,1.0648032768551692,1.6846343733428857,123.63282340773912,1.013465902506344,-2.096553855531308,-2.687389879557148,-1.541384270489685,91.33640974127628,1.021979991163417,13.607784948621443,11.246186822196345,15.935343877677424,102.77191795147252,1.0233592189131646,12.0384375,12.298408611930924,0,97.88614023054397,0.44282737589420534,6.492197916666667,1.310479720022304,151.3320943772269
NC_NHC,15min,2019-01-11,1.129934960841407,0.8453219587151939,1.4402638994555466,341.69529690803824,1.0105144621975537,-2.1713797563949893,-2.772207142412968,-1.584514646131367,299.59755706346266,1.013942479465616,12.939726347224797,10.679758699648264,15.23720741488343,311.7338384608178,1.0109720211069693,12.66875,12.970990743497424,0,97.66987156590993,0.43614095669872716,4.6719375,1.2443123076825169,152.0869038492401
NC_NHC,15min,2019-01-12,1.0339944332952735,0.7457246923570536,1.3030910893928151,356.46752783472726,1.002938698631311,-2.259945236444114,-2.803906022424296,-1.6993435141607018,283.0747882496389,1.0044035347752378,13.049320083235624,10.654947541495233,15.292780788131672,315.0307704314562,1.0078217293348417,12.695104166666667,12.978436147880661,0,97.81690199045853,0.43288036018861514,4.70265625,1.2129893030766192,152.878949918727
NC_NHC,15min,2019-01-13,-0.15906827585059174,-0.40347403657639447,0.11455821343018192,503.28455816236374,1.00189936174476,-5.520993442291214,-6.606309207572254,-4.558530985129131,52.427331456900326,1.073198487269888,31.598030604849992,26.84948450107983,37.45716680337925,42.51669216794547,1.085845961268569,12.26875,12.646788583531826,0,97.01079383880827,0.6778671086723691,5.3941875,6.279266554610823,153.73784712103205
NC_NHC,15min,2019-01-14,0.908137834882815,0.6218286868117804,1.1888727237122598,210.0079968977784,1.0203881846853002,-4.056110326188778,-4.740919579869168,-3.3332617326102305,112.95394862755532,1.0500757383771016,25.80189914895589,22.389434883061497,29.2061441484421,67.20470665745778,1.062224149844723,12.1375,12.431378918701668,0,97.63599098198543,0.549313860599377,6.136739583333333,2.7535240224352076,154.6351903143683
NC_NHC,15min,2019-01-15,1.3151439042066877,1.029349617071992,1.6252686385966253,221.6566393551657,1.0230271233240058,-3.350999549918841,-4.005860271639289,-2.825917508123515,169.68235829025423,1.0305886860576163,21.383132094458123,18.97861160418953,24.233625730372083,120.7552010870336,1.042495903027566,12.095520833333333,12.358986984238564,0,97.86822211851806,0.5076835638509398,6.346510416666667,2.0871139532540095,155.5692790203787
NC_NHC,15min,2019-01-16,1.287369607951394,0.992681835870044,1.5618469559528367,382.33384153307054,1.006634826332087,-3.1700117260876226,-3.7160976656226743,-2.581461170878854,330.73572979643995,1.0102189787705973,18.690730670431176,16.359886743363642,21.107205991932457,305.30785209912267,1.010766028195796,12.261458333333334,12.554917730719808,0,97.66259402346836,0.4838280304492276,5.741395833333334,1.7743986275818657,156.53972998130374
NC_NHC,15min,2019-01-17,1.4815808888538764,1.1847419579905707,1.7916542122776506,186.61534738924416,1.031472100743929,-2.8168123331938446,-3.3983961141288064,-2.2525322972179858,199.9846922431363,1.026253150690886,17.014960235648303,14.702306903304727,19.39199153940728,212.33762860883385,1.0206003621974375,12.242916666666666,12.44267811971212,0,98.39454616503352,0.4592465900357963,6.093541666666667,1.4832484551232044,157.5461434703875
NC_NHC,15min,2019-01-18,1.638109814482957,1.273988990431535,1.9607083318447247,96.9574756400595,1.0587080443665693,-2.337476585213099,-2.8637251092050273,-1.7659965925324772,82.92320339093934,1.0681534251233589,15.092879164172912,12.6211249634483,17.34185206480292,159.38761683328363,1.0354465641445512,11.794270833333334,11.911146357441867,0,99.01877182429622,0.4523182135115467,7.7011875,1.4084744289773983,158.58810325386708
NC_NHC,15min,2019-01-19,1.2986268031674295,1.0381594852174756,1.5878657859567855,407.1870985269203,1.00709170719454,-2.365546594016326,-2.8746708059111805,-1.885093614733476,374.2843531141985,1.002978789351772,15.49855316188506,13.161146684063873,17.813066317535657,446.07871034058866,1.0049204179926885,11.525833333333333,11.670826308720196,0,98.75764601792996,0.44981249330021544,8.149895833333334,1.384613070334685,159.6656207142074
NC_NHC,15min,2019-01-20,1.512987216976856,1.1898880583207672,1.8549940465781043,147.79591225744335,1.011633825382701,-3.8498990134883737,-4.623897778621086,-3.1357948585078685,110.72113446288668,1.0169850809159695,24.75351581543344,21.582126617159,27.99985799468675,82.60458432376925,1.0255767151786848,11.169479166666667,11.454481497728018,0,97.51187051881938,0.5402513845211214,8.8788125,2.6024906940103314,160.7894303633857
NC_NHC,15min,2019-01-21,1.5194199680562432,1.217262452390386,1.827148686976396,245.77875739786495,1.0323982719572544,-3.799114639214738,-4.528414474109963,-3.13188345137156,209.74599383738376,1.0348741429641484,19.573299453773178,17.17910484793808,22.052222759926597,204.96701957270025,1.0377621402837536,12.669895833333333,13.098305745143195,0,96.72927231853086,0.49188512061829076,4.447697916666667,1.8749059677534063,161.9485657810659
NC_NHC,15min,2019-01-22,1.319621388015684,1.018710565885099,1.6315176618281748,343.04154231186135,1.0044531605938487,-3.360665721735926,-4.027239609473731,-2.7481331043502863,246.76936347999256,1.0064316173743533,16.50897849939271,14.233442416257782,18.753107431961887,247.5354435994782,1.004455097349909,13.297604166666666,13.70070649853302,0,97.05779893971516,0.46437858152194755,2.9277812500000002,1.54301488419057,163.14254688948938
NC_NHC,15min,2019-01-23,1.7021222592101788,1.3774618787662358,2.0056996243344813,259.14207327681476,1.0110978957462111,-2.6774162058735227,-3.1670579185876915,-2.1623361755706982,294.3888125521649,1.0088181749936942,14.736277789235388,12.477066437418175,16.7537552372136,178.09315448946217,1.0181660533882926,12.620729166666667,12.669666778060682,0,99.61374192193628,0.45358664284238437,5.299677083333333,1.4220045668771892,164.3708764988754
NC_NHC,15min,2019-01-24,0.32830237511385374,0.0677251420256513,0.614835205274456,320.1871279946372,1.00496956105183,-4.55989539815306,-5.337876057457042,-3.847433273630214,105.22242645599314,1.013005537273681,30.3114341997625,26.77420239943488,34.328236865133334,77.92229658660499,1.025201427024765,10.8540625,11.126083592675124,0,97.55510471938022,0.6380374877809917,10.037541666666666,4.755453078200652,165.63304032496814
NC_NHC,15min,2019-01-25,1.5738827889582967,1.2667082936720695,1.9136376364279368,125.94328323112512,1.0281116955026612,-3.807132052672206,-4.5236638719384885,-3.196343619828144,101.96375652222254,1.031541243524722,23.25338603647498,20.523757427391676,26.424648872364916,84.12916842404682,1.0388741420947958,11.665208333333334,11.94488846088507,0,97.65857899412305,0.5313092619650878,7.680052083333333,2.445979425916824,166.92850702060463
NC_NHC,15min,2019-01-26,1.8027710898857463,1.475443456947947,2.123628395955934,232.5084880784574,1.0084300270854711,-3.5152021248840173,-4.12861024375713,-2.944601563745339,220.83376353910387,1.00951787450654,19.94669171771437,17.595401606264442,22.27245974221068,217.18641319121303,1.0135084856767391,12.220729166666667,12.48135699372251,0,97.91186305153417,0.5002494437552344,5.94803125,1.9845878368918835,168.25672822271008
NC_NHC,15min,2019-01-27,1.9969724784048184,1.6656343066829409,2.3283635394023845,202.59338499404603,1.01132113505265,-3.3192127526225077,-3.883657534166262,-2.736322755821453,183.184657087019,1.0109419143648848,17.975671357320778,15.700867994594056,20.150797010012425,193.75479508901063,1.0100387984171768,12.327291666666667,12.518962833951983,0,98.46895330046436,0.47996515206171336,5.652833333333334,1.7257345412615823,169.61713862145476
NC_NHC,15min,2019-01-28,2.191405198578181,1.842335788972507,2.5397281742811844,257.5373850335663,1.008747531246143,-2.83541662876485,-3.377461480176424,-2.2942156374479676,289.85375296374315,1.006659057223616,16.084567590477832,13.942103988357394,18.121972730924664,252.6342660934942,1.00945792846767,12.09578125,12.217909056359995,0,99.00041974615597,0.4562551793297445,6.51559375,1.4511071810127398,171.0120042502209
NC_NHC,15min,2019-01-29,2.272673359376398,1.8631823727898136,2.677861703163863,160.4546053481615,1.0173420692087245,-3.123768233592151,-3.741030972013662,-2.4749695202683477,171.9962000933807,1.0132245401467086,17.070200988307974,14.73318450630503,19.585302171590097,163.06055510641323,1.0156697405745514,11.9915625,12.146185136817927,0,98.72698600361994,0.4509333858451318,6.656614583333333,1.3940544278460851,172.47213965314592
NC_NHC,15min,2019-01-30,2.1533988410544613,1.8107294754094017,2.4809696580682776,153.94894154670035,1.0281993226460595,-2.7169749913965315,-3.2246271796841777,-2.136367494063486,138.11702711595458,1.0282128466921785,14.962046263518689,13.01638296491211,16.97023436742078,148.21510275197718,1.0260816486202509,12.549791666666666,12.73593295261168,0,98.53845582700839,0.4517054265648326,5.11396875,1.4024089599329361,173.96291719924264
NC_NHC,15min,2019-01-31,1.7992221162253226,1.486158792129176,2.119337549466577,278.2429576191381,1.0069644320067224,-2.4990869739858614,-3.0272310561167917,-1.9791511074143973,260.9784196130239,1.0115756532223,12.630990663731918,10.854631546675742,14.601578882444388,340.60925312073783,1.0031640207713963,13.138020833333334,13.36631561368055,0,98.29201414252441,0.43931129108950484,3.581635416666667,1.275419683568056,175.48368939599627
NC_NHC,15min,2019-02-01,1.862124335790246,1.5309159238681311,2.1999336521453787,371.9751390118683,1.014433031323173,-2.3391648605079594,-2.832168185028148,-1.8567248282728144,380.98357372653265,1.0141501699625033,11.813753888525,10.204630470864448,13.537699298580735,313.8685320213395,1.017865824493474,13.007395833333334,13.067339703419252,0,99.54126952045004,0.4356076208619565,4.357479166666667,1.2391015710684363,177.03379256699134
NC_NHC,15min,2019-02-02,2.1161821148059454,1.7915124216236895,2.451713127478107,350.48162785551983,1.025259569214801,-2.3354007650979263,-2.83920998296883,-1.8584665333584351,362.0814717204821,1.0213219740741066,12.16108386366371,10.59055505910305,13.868189527712284,419.35305689245615,1.0202050095869508,12.508541666666666,12.53832111437492,0,99.76249254236987,0.43225447565054337,5.8599375,1.2069680322150862,178.61254706657408
NC_NHC,15min,2019-02-03,2.4144251551544307,2.059084143985798,2.7408767879079554,315.85867035102035,1.014791264006219,-2.2938103995580974,-2.76696352773139,-1.8096818771659733,449.73214802337463,1.0094321656780314,12.15843986899226,10.57637176534014,13.765401264982971,361.7355732476904,1.015120632604845,12.3634375,12.305776120315906,0,100.46857166196041,0.42969798001546305,6.390041666666667,1.1828511646563935,180.2192575154018
NC_NHC,15min,2019-02-04,2.379972288171225,2.0309626785890313,2.723678555989841,293.18962416158297,0.9993170503239452,-2.1988323135209376,-2.6529667462423903,-1.69974292809079,283.2955954141112,0.9997629939824896,11.676920114068196,10.089313697702844,13.252563982011294,393.25045474060255,1.0018296231087402,12.045885416666666,11.97122490052295,0,100.62366647326502,0.42818388625659715,7.396401041666667,1.1687310018487445,181.8532130664368
NC_NHC,15min,2019-02-05,2.678254325719122,2.30469703973232,3.0603680031511833,217.18986600515623,1.021055505076672,-2.0594495094801744,-2.5527123356303276,-1.5814495430172506,279.2842749674152,1.0272697827999764,11.129767257980962,9.74980691250478,12.675402994226086,302.3032776491251,1.007446580253763,11.653229166666666,11.433036217867171,0,101.92593589842203,0.4256852603399616,9.329958333333334,1.1457036151219755,183.51368769781752
NC_NHC,15min,2019-02-06,3.3702996643751577,2.943274556036138,3.7564239977606775,186.12007911504037,1.0103031110382006,-2.7288289112002877,-3.2039375935727383,-2.2396753717674436,276.9857236684249,1.001203358386348,12.28636753343556,10.80928621439721,13.786817775100792,237.33856298555455,1.0074560125131002,11.151979166666667,10.944581815575068,0,101.8949773923427,0.42260031045035873,11.2005,1.1177192293150702,185.19994053126902
NC_NHC,15min,2019-02-07,3.8645758724512302,3.4256470921589486,4.306759387212127,279.1350917099036,1.0046887257334984,-2.984032499571299,-3.474678076385022,-2.462580779997975,358.3807983982586,1.00030556804938,12.107953479619368,10.810170762123535,13.54876803351497,303.0064135340138,1.0065286985276432,10.5478125,10.311821257210282,0,102.28855055671863,0.42164397452523367,13.7716875,1.1091389921996913,186.91121618061692
NC_NHC,15min,2019-02-08,3.629726199462512,3.176975994660085,4.0759888821927,208.6059757976576,1.0199585118152912,-2.6959921172354937,-3.2170068913491514,-2.16447119821254,305.7310937635361,1.0151591716188153,10.908747997556052,9.46931446262225,12.363950262623964,219.9906343881038,1.019775841734155,10.481354166666666,10.341236894528354,0,101.35493726299268,0.4190795649301268,13.954875,1.0864146925138187,188.64674512897005
NC_NHC,15min,2019-02-09,2.973341144814862,2.6095326353425725,3.3607690595709516,266.4291357388351,1.0093616090899078,-2.205803069885706,-2.688248178885402,-1.6961433846523946,387.51505990698143,1.0064901603744965,10.381618317647366,9.093501081409473,11.804465145135907,318.9276171088753,1.009717605254873,11.489895833333334,11.413708313055347,0,100.66750891286438,0.41157736294173164,10.266697916666667,1.0216958821077027,190.40574413343063
NC_NHC,15min,2019-02-10,2.364570701588786,2.055090536828612,2.721886671715717,355.7878783704565,1.0103891797439386,-2.1300827877116117,-2.623948483997373,-1.675427868919704,351.78242371785535,1.008079535135554,10.49255186453268,8.924605795038625,12.091463301683882,388.62555465042743,1.0069374251530712,12.147395833333333,12.100188999617062,0,100.39013302782101,0.40944468082268304,7.601177083333333,1.0037258237034528,192.18741666062547
NC_NHC,15min,2019-02-11,2.098845232422175,1.750320042549693,2.431480428866346,257.6424170485721,1.0065577411795057,-2.541223545957224,-3.0268613547309853,-2.0367615235742536,255.85432089575704,1.004982662867534,11.874644631392837,9.893049651523482,13.75692605010764,317.66108101530244,1.0045235103406307,11.8665625,11.969611832988694,0,99.13907539837938,0.4201261340112182,7.609458333333333,1.09622343738033,193.99095335136397
NC_NHC,15min,2019-02-12,2.2757678023646575,1.9190111823452105,2.631815319931059,347.6316028444437,1.0143573561299382,-2.648698521202735,-3.1646450177775702,-2.111886399129658,336.96915657170547,1.0138435381954718,13.41530330686614,11.486928847873772,15.32500861895866,346.2350522606815,1.0150755157829758,11.6725,11.736664253150353,0,99.45330076956806,0.4348464336236704,8.048697916666667,1.2372067898445245,195.85168208029486
NC_NHC,15min,2019-02-13,2.8421292792970343,2.429506198819974,3.1970524928195756,173.21418922101805,1.0239463631408532,-3.2843137371370954,-3.844414979132315,-2.699500799067596,189.07819684940617,1.0206573860952488,16.785757370045232,14.648934293456962,18.772893574953315,217.41159997814145,1.0145955492700391,11.60875,11.717443655367065,0,99.07237740104449,0.46438945584504754,8.234354166666666,1.5439753307212896,197.77260780652077
NC_NHC,15min,2019-02-14,2.271427101228214,1.9332773453991507,2.6113933965449285,249.36119327597297,1.0113929557213863,-2.5251421621615435,-3.012527420625729,-2.0149632555556862,310.15787751448846,1.009732120865455,11.736954873775744,10.018923686880436,13.313933854574152,266.0587695549548,1.0071265824294124,11.754479166666666,11.776010933482295,0,99.81715568253755,0.43550558791665855,8.098677083333333,1.2385385088444687,199.71394624179476
NC_NHC,15min,2019-02-15,2.7376232237214877,2.309081477904532,3.10686832841345,204.0744452453397,1.0139753227526946,-2.8699116650590395,-3.382695524895021,-2.318640315839013,205.4786035125484,1.0116275478675198,11.927480537615445,9.954999752041054,13.52419271993236,235.39651791525696,1.0116455858431004,11.226354166666667,11.193599923219685,0,100.29261581324734,0.4263898032186869,9.88334375,1.1521979337565165,201.67481668665482
NC_NHC,15min,2019-02-16,1.564974097000842,1.2880448708385726,1.8827472040304565,278.2063029764197,1.010800360570221,-3.6115115103643878,-4.261231582046776,-3.0311240680659117,250.25902710546384,1.0139389625644937,16.854249108876918,14.611978705715265,19.076814950917463,223.16558717243635,1.0208205721104764,10.857395833333333,11.230577708592813,0,96.67709101933421,0.4797312567806303,9.844395833333333,1.7609779202947626,203.65432784707508
NC_NHC,15min,2019-02-17,1.444013911059086,1.1400563507119672,1.7856444604752313,249.16915558077375,1.0215798116855852,-4.789909134971538,-5.568983286735214,-4.10390935491,122.02081949283556,1.0317636009086828,24.05790273112034,21.607266005838536,27.12910601928075,84.6299564212928,1.0422689217468684,11.435520833333333,11.806351733596085,0,96.85905596724247,0.5154698034028693,7.928729166666667,2.473312658033902,205.65157848636872
NC_NHC,15min,2019-02-18,0.4289665318461273,0.09808615005866192,0.7499748354744563,100.5962745424741,1.0304604335756204,-5.7694962929356475,-7.135748616435341,-4.595514021812831,41.96468823881244,1.0796328000486544,32.36802979632721,26.668889934264936,39.13542843693833,37.60366991327586,1.0944516693089927,11.39,11.685140900173229,0,97.47422044205857,0.7184356974852952,8.569333333333333,7.57175187985386,207.6656580939554
NC_NHC,15min,2019-02-19,1.198471561410182,0.8898563470990015,1.520234200648318,236.35359555921667,1.028092216959461,-4.61122682696697,-5.383848835202448,-3.853400591327467,106.7595832073027,1.043667788667679,24.556584765933763,21.495482706027275,27.76801760784121,86.43029552999278,1.045684022657536,11.6371875,11.985283655167676,0,97.09563690620216,0.5329253493943656,8.037197916666667,2.4687489516970222,209.69564759077537
NC_NHC,15min,2019-02-20,0.9229046588968648,0.6282955970739652,1.2120985293434317,187.72278386205505,1.0117957961167392,-5.432726177828072,-6.39525668497656,-4.595378796106067,68.20998948797174,1.036520297359944,28.61194932575237,25.05827136138883,32.690485797760005,58.57429728609623,1.049050379702975,11.821979166666667,12.197996226391371,0,96.91738665313603,0.5687229207678608,6.931197916666667,3.095081822005825,211.74062005354602
NC_NHC,15min,2019-02-21,0.42769423046765587,0.13950744319383207,0.7242325260823675,231.52455371210905,1.020523788889368,-6.172176012115155,-7.270566267105971,-5.18204073237692,43.46061511712548,1.0847350965341205,31.54796737530299,26.92756983342248,37.191408304580015,40.83068354647798,1.0905437419417343,11.536354166666667,11.851339028387093,0,97.34220022762024,0.6994748283020739,7.94365625,6.342252396623473,213.79964146819697
NC_NHC,15min,2019-02-22,0.2409157745339743,-0.02704594913713606,0.5195265125860706,413.1022895174391,1.0074414255745925,-5.839292204355793,-7.233132850485015,-4.703652594191654,42.57845751293782,1.088777215071729,32.607551808091415,26.62762096808273,39.67246964495675,37.43665841862809,1.098326978670789,11.2384375,11.538676207520655,0,97.39797961117094,0.7353536627737726,9.3321875,7.4538428330149,215.8717715074141
NC_NHC,15min,2019-02-23,0.05490347476621947,-0.2595973205724515,0.35767304739388833,162.62130666029412,1.0331161599860923,-8.839138978310839,-13.49094477916334,-3.783915122690018,21.322229028201367,1.1138452316667873,49.58750806787487,21.316824349374553,76.46253648155982,20.26379885928713,1.114169331667028,11.553020833333333,11.8041100163626,0,97.87286646192544,0.9472787934957706,8.182677083333333,19.362871852975104,217.95606432635017
NC_NHC,15min,2019-02-24,0.4099367227420664,0.09734555263380974,0.7174083544559318,165.77290570453837,1.01980694314267,-5.145428461108621,-6.305528383352605,-4.135116010523689,44.68021778254056,1.0836706309175592,31.676635327943423,26.353139296922844,38.304279751354656,38.036143193435386,1.0974051848168538,11.203854166666666,11.45714392855134,0,97.78924168654744,0.7193114670703978,8.957135416666667,7.064695719123559,220.05156938770736
NC_NHC,15min,2019-02-25,1.1305300735968196,0.7821368070900382,1.4543415173154324,131.97724572460552,1.0200376986584476,-5.179407181953486,-6.066468224563088,-4.372215522014763,64.90176836427213,1.0409491750988755,29.162276367705644,25.456762714148574,33.216367597535836,52.821916361234834,1.0499603492162677,11.332604166666666,11.645641960259798,0,97.31197477424294,0.5772484263391573,8.89225,3.2444337309273052,222.161631100277
NC_NHC,15min,2019-02-26,1.2615123922649345,0.9211278455656992,1.5738179132911532,190.3126800576467,1.0157227174603949,-3.6727025131441153,-4.26888353522794,-3.03568118792482,173.3000344823874,1.016556539382312,22.289413584773705,19.763942164760326,24.92927135164958,160.95819298745613,1.0081770368775531,11.442083333333333,11.69530873020939,0,97.8348122078901,0.518710002122634,8.76453125,2.2456345104310573,224.3255791240103
NC_NHC,15min,2019-02-27,1.030788999836416,0.7349420878451165,1.314439334555885,352.51476746328683,1.0081163653025609,-3.4198626401399035,-3.995839375154391,-2.81079892513393,333.4173425100262,1.0123615711849554,20.943548383792695,18.44059446689412,23.5742003369332,283.248797680108,1.0232576147721004,11.260833333333334,11.538019065200519,0,97.5976315318875,0.5014493534135489,9.0315,2.0007535365635465,226.49865803323036
NC_NHC,15min,2019-02-28,1.6772413846643928,1.3083463015697094,2.0476882140906185,152.90062868144497,1.0140357283081114,-3.2337494651342755,-3.888157199489188,-2.6063838766757996,157.14518665727877,1.013549764819097,18.56974518360791,16.089142503823187,21.128673262813233,121.62428768586147,1.0236189436249885,10.96921875,11.155668689914233,0,98.32865294679465,0.4792904748133664,10.355026041666667,1.716415178252267,228.7101243491036
NC_NHC,15min,2019-03-05,1.2796092728693815,0.9766044799719972,1.5788535011015965,307.062451761634,1.0124736247742532,-4.089798725774555,-4.754354517257919,-3.440411134226882,182.05488964633827,1.0214631648478936,22.56270616800495,19.95347593417854,24.985548696535375,148.1837699407697,1.0214539731373806,11.551770833333332,11.890784861992147,0,97.14893480461123,0.5243200381959257,7.734375,2.330654787946281,239.88895427704017
NC_NHC,15min,2019-03-06,1.5600473492848337,1.1843223687751394,1.947522585496949,239.3266713986316,1.009846609781169,-3.782442404305705,-4.474788953748524,-3.0697078272190836,206.47159674597648,1.0107120874525295,19.445716242123694,16.81753520601217,21.920941286144966,188.15162367591665,1.0171257962584044,11.9459375,12.29036378200241,0,97.1975908271586,0.48741280938754367,6.703333333333333,1.8226629000940662,242.13509440941343
NC_NHC,15min,2019-03-07,1.4642707913142887,1.0809481357849275,1.8130126391229613,174.64691062743478,1.0429553688192774,-3.210801436283883,-3.8232526759565855,-2.522702684790363,156.60933531913477,1.0547536787656508,16.87319596377305,14.304537849963758,19.30136436807063,122.97463865299248,1.0612993085413158,12.148541666666667,12.437046309415178,0,97.68028006352195,0.46089210278127835,6.296458333333333,1.5015120975396175,244.38240634479573
NC_NHC,15min,2019-03-08,1.359216120044611,1.0117089541152753,1.6700772860492696,237.06978196097765,1.0125018263766798,-3.127669008596977,-3.7497165336668226,-2.4726361487861808,224.8150287357029,1.0100793715564849,16.68635946511548,14.179161044778256,19.079165716883644,216.54476659349737,1.0120253210391028,11.813958333333334,12.097187748487253,0,97.65871687666139,0.454725178803051,7.23125,1.4340271303572056,246.62992053372395
NC_NHC,15min,2019-03-09,1.3495333072251343,1.0118348342061565,1.655145554477381,330.2624690305928,1.0176441036907462,-2.7016867194654477,-3.2729326820260245,-2.1291926585861014,319.29025388703883,1.0165828205422835,15.561824725725774,13.19404526887526,17.831903374868663,366.7217189172785,1.0107872797020416,11.579479166666667,11.812135556426188,0,98.03036132926066,0.45040954674423456,8.145833333333334,1.3883826281598899,248.91428633233178
NC_NHC,15min,2019-03-10,2.1169138417188473,1.750249428565094,2.51778761644904,359.4001901322493,1.0048668040918762,-2.4248663246285,-2.921142668618976,-1.8993703218213096,401.1525200458057,1.001993181353996,13.751981548481556,11.863688454217009,15.780613935925606,380.6196841839651,1.0104609409554175,11.174583333333333,11.17809112626584,0,99.96861903438715,0.44648782858215474,10.3075,1.3475696822039007,251.21561120161053
NC_NHC,15min,2019-03-11,2.8102907197202573,2.326888085259614,3.2491415695269756,175.48582665841104,1.0226035842081591,-2.9121189731203136,-3.4711847583006676,-2.3029435236429205,177.29138817927736,1.022374102494855,15.356557237103765,13.1784726167627,17.478145351160872,232.32564687168735,1.0192965303226211,10.831875,10.854509558123917,0,99.79147323052494,0.4393191780040992,11.74375,1.2755442600432463,253.51476159178418
NC_NHC,15min,2019-03-12,2.6021907146220604,2.1569281989137497,3.032405859882928,219.62092790358005,1.0208837190371742,-2.236675799317088,-2.8164644854470926,-1.6592956787979367,285.52448306898253,1.0127684313130514,12.841897234107384,10.976907030238552,14.7213460329803,237.76573813716095,1.0237013661101944,11.151770833333334,11.12654095665392,0,100.22675399998708,0.43153864902915756,10.821041666666666,1.20025951498378,255.81076982113717
NC_NHC,15min,2019-03-13,2.454855204526072,2.012443884335709,2.8522437269066616,187.39736456069255,1.0233314717077566,-2.23013421358313,-2.7661030662261368,-1.6732489937881998,198.0161622265993,1.0163267649543208,12.128708728283758,10.338850598033105,13.835015085971047,270.3932371619298,1.0112220472562674,11.323541666666667,11.258535534068633,0,100.57739421260716,0.4265340438216578,10.325208333333334,1.1534906829839917,258.1026782506684
NC_NHC,15min,2019-03-14,2.9030338885138427,2.453243050144106,3.3130801617402352,248.42640855138427,1.0150266706783713,-2.4735464894951527,-2.9513758739028093,-1.9418443281096056,323.30018875065514,1.0143195563666914,11.52885083538744,9.815233564689636,13.110977081332608,225.13042547407247,1.0137488296584545,10.8140625,10.637268010968167,0,101.6620290928981,0.4267687269733407,12.57875,1.1556541394419086,260.38954020441673
NC_NHC,15min,2019-03-15,2.752964609421953,2.2659109658776635,3.2489398201506785,220.9930462904429,1.0263687199454572,-3.175927758871214,-3.7799221233373914,-2.538130749170627,212.24538304996273,1.027074705879847,15.196647385130394,12.957844947011605,17.437856527877383,224.71725294441933,1.0252310027428049,10.1278125,10.177611049689792,0,99.51070492430235,0.43955098551389815,14.275416666666667,1.2820141505988063,262.67042087108723
NC_NHC,15min,2019-03-16,3.2299484513038834,2.726772976246574,3.730213769935639,136.75910197459083,1.0326690043053577,-2.5403560898915716,-3.1251116980277076,-1.9703592077450984,215.64164852015097,1.022108933883875,12.474027266073064,10.623645196858444,14.22516490151792,142.31384643101683,1.0272082361391872,10.600625,10.530753819787602,0,100.6634964733589,0.4333968247346742,13.06125,1.218687275897749,264.9530582634829
NC_NHC,15min,2019-03-17,2.7533892616539646,2.254654874194576,3.199242848029103,162.7083233486734,1.0297127939052868,-2.344742914322805,-2.890452364749483,-1.730193954664491,190.71358816736463,1.0229081259917263,12.138817438560965,10.26682739823039,13.74652521683961,164.15279940107442,1.0285456537300215,11.007708333333333,10.960930852149374,0,100.4267655896651,0.4225293366349744,11.349375,1.1170917671761411,267.25442097478583
NC_NHC,15min,2019-03-18,2.389317370997422,1.9584997076624564,2.8007194803456135,227.0791750773766,1.0142374800164249,-2.0544199993006007,-2.5638924371766234,-1.5519806301166614,309.45514132506503,1.0087628073188906,10.958999355875378,9.312612691927814,12.605472313090363,308.78748513312735,1.0153544210905039,11.226875,11.163588624504465,0,100.56689992460505,0.4182224222946915,10.630416666666667,1.0788446752315581,269.54699207248393
NC_NHC,15min,2019-03-19,2.378069551611577,1.96533756708967,2.7569926159423797,199.66635704581853,1.012030468432752,-2.0682455565764872,-2.5558665526005564,-1.5210889485063044,233.2912179370659,1.0063762144949786,11.303742773614434,9.729334767016416,12.916190080186908,278.4466623613846,1.0134708133375814,11.362916666666667,11.313599398382372,0,100.43591138900806,0.413461061513318,10.247916666666667,1.0376105804066351,271.84292228290946
NC_NHC,15min,2019-03-23,2.923760992702572,2.5206545507777016,3.3458517558848953,238.16384625050569,1.0208405338188258,-3.615174982033838,-4.216859886972142,-3.001627019415692,254.9833740094029,1.024055729617043,17.951693456015015,15.942279788199636,19.976895256505,237.87186283865992,1.0227650553245562,10.938645833333334,11.058675791572844,0,98.91460821800221,0.47713504393629186,11.000833333333333,1.6948992786997077,281.1003567069998
NC_NHC,15min,2019-03-24,2.8839796206075454,2.422338295851534,3.362677079913414,199.72076913370887,1.0276564498864755,-2.851456807513469,-3.4556170850718493,-2.3050928108443243,236.36032204810812,1.0265227789964766,13.598830261808278,11.826871931557806,15.385684590073724,192.5166573078699,1.0234142508972632,10.95125,10.904773608189192,0,100.4262022622451,0.4409571637301472,11.593125,1.2918497079580655,283.3825153436165
NC_NHC,15min,2019-03-25,3.419459343279545,2.8881317794689227,3.949032591001235,187.09036041059576,1.0261640177106717,-3.8787200428618984,-4.552067884393296,-3.177592905957703,204.6748449304388,1.0201036029607995,16.239515640876697,14.043719241498758,18.47784467412265,206.95311655701627,1.0246128969714752,10.423645833333333,10.473411917234026,0,99.52483408182579,0.43826523575463083,12.988541666666666,1.2661177551206424,285.6501556368744
NC_NHC,15min,2019-03-26,3.26841758160633,2.83304322048006,3.712666189996556,250.44856027312548,1.0087779217898416,-2.9334902322299357,-3.485384133498889,-2.3746086942710645,281.3463746709279,1.0072019204443663,14.4443659555943,12.747901096528675,16.084851703197266,268.68960861975864,1.0058622089893696,10.557552083333334,10.564582840306766,0,99.93344974354683,0.4482354946525258,13.011895833333334,1.3663121714116366,287.90249286695655
NC_NHC,15min,2019-03-27,2.7874794903011337,2.319351659597195,3.2262452400981627,202.06811257260568,1.021879734879895,-2.4776962927136834,-3.052241952304136,-1.873167024786446,287.2972318947735,1.0140342042073769,12.856993945787146,11.194281345524349,14.610079959532824,223.6305867401243,1.0270862643868608,11.055,11.029582092914364,0,100.23045213201654,0.431373586852836,11.40678125,1.198816906961194,290.138762926434
NC_NHC,15min,2019-03-28,2.5271088545826017,2.0766578997503324,2.9459174817231766,176.21653544617195,1.0170683516960446,-2.2974605427771735,-2.829537168720923,-1.7532487336511358,192.8024443187145,1.0124685544192535,11.656768566034614,10.040056091949625,13.22538707230746,243.63881776339497,1.011978558597641,11.0290625,10.94761281537243,0,100.74399493297021,0.42495630095469317,11.613270833333333,1.1390451218240425,292.3582228369492
NC_NHC,15min,2019-03-29,2.8112677206215,2.352144985646664,3.26345608025237,193.5926908388243,1.0161588243575188,-2.6546194354444284,-3.1954559652428545,-2.0884686209599024,312.43539145202254,1.0101200372921677,11.649820813137133,9.983910722055237,13.226795175061724,187.50114266106743,1.0138744594377398,10.567083333333333,10.49120080327491,0,100.72329689881386,0.42279641063496226,13.202187499999999,1.119473735745526,294.5672697368371
NC_NHC,15min,2019-03-30,2.7193158368036165,2.2623360966229527,3.140672981399883,273.5832927717005,1.0142498472603274,-2.8514112211916443,-3.382174635067133,-2.262491293796308,351.3476322851312,1.0088518597590534,11.171038111425036,9.501414584024872,12.777568075629372,365.0686211525356,1.0038585414010166,10.147395833333333,10.141795137315402,0,100.05522391196133,0.41867731118158363,14.441135416666667,1.082847634110758,296.81113066589245
NC_NHC,15min,2019-03-31,1.80576272321342,1.4146446583150758,2.2114846970986566,218.45840455091303,1.0133061216184915,-2.382414521380997,-3.014418101654722,-1.7812148845319915,243.05697503547813,1.010565609239657,9.705256982859432,7.986491134199181,11.544226939196612,244.26010745082485,1.0134241891876226,9.957916666666666,10.191435021373525,0,97.70868033581999,0.41584226467257956,14.228895833333333,1.058117700350194,299.03596405113575
NC_NHC,15min,2019-04-01,2.0471061722321444,1.6509716511132764,2.4747504662016895,219.99898380522183,1.0080228822642572,-2.3977666526635666,-2.9842597862875584,-1.8265073714522513,226.54162473317348,1.0117191766890223,10.887574375500437,9.19459331532781,12.600273870252485,221.12683022672897,1.0124523603490885,10.695520833333333,10.85314520583315,0,98.54766181129597,0.40915631904206795,11.94409375,1.0013470545774057,301.24108204417723
NC_NHC,15min,2019-04-02,1.035323102735036,0.7122145756597222,1.3477858848022417,353.64561967127133,1.007399589912794,-1.798800630811074,-2.365033075485382,-1.1931571922481812,275.10819040719434,1.0092577648986722,9.33403791714048,7.180492560859324,11.377551349465456,274.05960914547666,1.0063076693060862,11.230833333333333,11.582295773587713,0,96.96552007369856,0.4129798641267101,8.942625,1.0341270484357925,303.4258201239945
NC_NHC,15min,2019-04-03,1.8236961749006897,1.3667888562776775,2.269854000711426,200.84921032444643,1.016234888689183,-2.4279768752546187,-3.0225915296361068,-1.7758740605912235,259.96387463125984,1.014912697916316,11.255266266927654,9.489620174005063,13.085481996000343,244.39839206948287,1.0158020106284755,11.1634375,11.23659134173343,0,99.34896767615166,0.41678775439465443,10.47396875,1.0664410499213464,305.6141927624317
NC_NHC,15min,2019-04-04,2.391500487002945,1.923380097609468,2.864377578882136,215.42592609086745,1.012790949381795,-3.542346137120397,-4.244640584497657,-2.880458646351009,260.5266452683819,1.0099994984507834,10.138565298356593,8.367886624083248,11.79386976615506,245.44753987592844,1.0108610514262313,10.309375,10.496607228731808,0,98.21625955271234,0.409144562224273,13.467958333333334,1.001244334655334,307.79044742620084
NC_NHC,15min,2019-04-05,1.151703850771692,0.8034703382879176,1.493136810682602,239.64331624390604,1.0090022077814325,-3.6498662572333456,-4.346927981526483,-2.89316898886783,128.1334695983116,1.018135272819351,13.74366288986066,11.534543472293764,15.845937981057851,171.495570773587,1.0134521640637264,9.8221875,10.31497398794715,0,95.22261046394337,0.45120278992261376,13.946760416666667,1.4384827639159448,309.9444375716014
NC_NHC,15min,2019-04-06,2.541163860865261,2.1277005089673233,2.9577754511632226,220.29965947556855,1.0197005826498726,-4.830830811825168,-5.562215419002241,-4.110169676312576,214.1390660386259,1.0184442149889192,18.29759960469818,15.944516393223855,20.48090229876968,198.01477974333255,1.0180419545654094,9.894166666666667,10.173262961793991,0,97.25657052043695,0.47900547367684826,14.65490625,1.7189071278536718,312.0755946620314
NC_NHC,15min,2019-04-07,2.4363903328647902,2.0081826478202713,2.8934649439351725,275.38234486488415,1.0161000691517192,-4.329742995787003,-5.038513715215506,-3.5832308073524333,257.9194909953652,1.020458369965358,13.996663258720115,11.959037579005107,15.85680008132034,295.82522667635027,1.0144000977518144,9.680520833333333,9.969653571637632,0,97.09987176358018,0.44154214766064054,15.559625,1.298241009915874,314.18337430233703
NC_NHC,15min,2019-04-10,2.875889714582278,2.393314163566521,3.394444445426507,105.40582292984372,1.03141915551338,-5.841212172085844,-6.814930232043294,-4.996732551804031,93.71658792757266,1.0308392343123922,23.050549984834753,20.377540877054777,25.940265752474613,98.11947319431133,1.03382334620523,9.388229166666667,9.6449762720275,0,97.33802242618827,0.5251135864544569,16.65665625,2.355652843790678,320.4730144909702
NC_NHC,15min,2019-04-11,3.802505645355699,3.3031284458878263,4.331240326906334,219.45411038827268,1.015444251414544,-5.236061819271919,-5.972241572969519,-4.4871334975414126,226.01378406948925,1.0151906730631424,17.47339068679568,15.3991275701964,19.427710384328304,222.1098075960936,1.0125641980450588,9.463541666666666,9.632814144547877,0,98.2427515434104,0.47230874360315206,17.0314375,1.6397592884851242,322.53936444607143
NC_NHC,15min,2019-04-15,0.956345596961071,0.6225435164131361,1.3186415354366572,208.84931228233887,1.0179292709334749,-5.4590688693571074,-6.477673761200668,-4.48837329848592,96.05446058340478,1.0366442477441749,26.85321036696036,23.535547301977413,30.611198045896295,72.27526318335293,1.0430821920071456,9.281875,9.61735583490132,0,96.51171443939027,0.5539813668812277,16.866104166666666,2.838540613923622,330.53849740110087
NC_NHC,15min,2019-04-16,1.262015821739942,0.9023634873801094,1.5996771754093153,194.82717347244545,1.017428329872778,-3.953176585606392,-4.6264860557105525,-3.287850192662499,170.91955315955573,1.0253748790176258,20.75752766436642,18.321640038944377,23.21699062343716,181.57035005598655,1.0251481599004593,9.745208333333334,10.023818918969381,0,97.22051457744517,0.5014716808485583,15.31209375,2.0008791282677234,332.46975235949657
NC_NHC,15min,2019-04-17,1.4849367228318775,1.0774620230791454,1.8740728107862472,248.37775523797268,1.0271684747038827,-3.9632610886465023,-4.671332880194529,-3.202678357309218,210.01456273568635,1.0329712833648372,18.836586200805503,16.118223046927096,21.47187934766625,163.75518556615734,1.0376172168224207,9.536979166666667,9.799013947095492,0,97.32590664893895,0.4799128653799474,16.18628125,1.7253830118336777,334.3728952009215
NC_NHC,15min,2019-04-18,1.7737400877051344,1.3555262143796598,2.2029071370588844,238.4595324890292,1.01806408437812,-4.134125763950134,-4.859668341863182,-3.3890844352906138,210.9382365801614,1.019979978292866,17.152660223588043,14.784901130121105,19.547122528987956,224.83896638795665,1.0243384857738516,9.155729166666667,9.428465856576892,0,97.10730574773227,0.4587730516755584,17.8604375,1.4782329029517218,336.24761669106005
NC_NHC,15min,2019-04-19,0.7186558654310764,0.37374155545126125,1.0814839300688908,312.15915219764395,1.006964135596717,-4.565732533681418,-5.337465735221205,-3.788607489391133,195.6531921032708,1.0236240154420315,21.012711822592408,18.30476322414611,23.586659916007573,193.54941893459537,1.0297314666205122,8.893229166666666,9.26985646260954,0,95.9370752129548,0.4948265528972928,18.1344375,1.9951655007687206,338.10451835367456
NC_NHC,15min,2019-04-20,0.29598021847639844,-0.03001680797258878,0.6057023579339256,337.92245452765764,1.0072730212637573,-4.85127955114433,-5.7469202377107935,-4.121809515221275,175.6138295108916,1.0223705446529865,23.527545259695422,20.839852061347074,26.77699966944022,135.6102541670143,1.0294909452036731,9.2225,9.631362987921298,0,95.75487925816883,0.5213635493146996,16.5654375,2.3117348350309466,339.98075687360955
NC_NHC,15min,2019-04-21,0.9419239007859006,0.6243444219508885,1.2884983312731997,349.00423532349186,1.0014356440254024,-3.6303094470264146,-4.3648723308222275,-2.9401249648425263,257.45923185463164,1.002758698744801,19.327480891858933,16.738855906744885,22.05834751400407,252.96407766614016,1.0038650903487762,9.756145833333333,10.081434500013183,0,96.77338907791918,0.4820269762836752,14.82384375,1.7491116494870147,341.8545135088632
NC_NHC,15min,2019-04-22,1.4793140285128072,1.069201421266947,1.8876090297257704,238.95432051988223,1.0095282653743674,-3.5774794195283146,-4.255950880605027,-2.8651886064469942,192.92645180654551,1.0148943135199546,17.57732779809745,15.114738429517583,19.86420621076225,230.4771979968044,1.0124694816037054,9.750520833333333,10.007437556837061,0,97.43274217755969,0.46533918754476267,15.32725,1.5525980950299085,343.69806961358285
NC_NHC,15min,2019-04-23,1.6249519468965072,1.2324284566936556,2.019727441528458,249.65724577351432,1.0110295390995336,-3.3399521929609968,-4.0180536719206135,-2.6757167411686953,235.8902986191373,1.0103205273169271,14.001091618554788,11.72840797694811,16.099376117586697,265.3191471102945,1.012322810160651,9.4705208333333335,9.720526759280702,0,97.42806195447511,0.44167985879853333,16.47090625,1.2991712407902274,345.5111983438848
NC_NHC,15min,2019-04-24,1.7592601448723104,1.33607932668686,2.1621991786254915,315.12951616343673,1.0158462725604576,-3.4311805408589944,-4.141427005613203,-2.756525224782231,303.7169898811289,1.0141587180055964,12.465487998635362,10.542806914537785,14.547753408436444,383.5865748481801,1.0167575698576443,9.093333333333334,9.380539834982587,0,96.93827320493665,0.4302937541632702,17.99041666666667,1.1885763115919972,347.2936941851451
NC_NHC,15min,2019-04-25,1.801981572067168,1.3530449965385445,2.2429575181206554,246.9384111832765,1.0017004172719828,-3.238306295928342,-4.005435202341202,-2.4617753119076076,236.1684707415156,1.002909171156513,10.869767446605902,8.724655224334567,12.98577849248426,237.3514828782678,1.0077572095278424,8.946145833333333,9.228899768725983,0,96.9362118727216,0.42309110925117027,18.717125,1.1221896819783734,349.04537247151785
NC_NHC,15min,2019-04-28,1.9095900773711751,1.4510052867502192,2.3273480955121544,192.5112578647752,1.0164993856148876,-3.488835111800455,-4.172305314274264,-2.7271844627829513,178.37021788124932,1.0145599301452304,10.583723338765092,8.48547826252374,12.39890570328201,179.49763882422928,1.013279687624023,9.132395833333334,9.466049804546708,0,96.47525654203599,0.4159835392944548,17.777177083333335,1.059387839804385,354.11395717275644
NC_NHC,15min,2019-04-29,1.8083770837305604,1.390533223388709,2.1727339913057855,196.00996982131664,1.0325243223079308,-2.7446717946740344,-3.3754230889315813,-2.0691490493218736,199.82114951296847,1.0385170678003302,8.729553052521885,7.0200040431554305,10.410034990679469,182.49368032337588,1.0337121963228606,9.352916666666667,9.647635061869373,0,96.94517471574427,0.41005413629949516,17.24840625,1.0088864064018928,355.7409172157874
NC_NHC,15min,2019-04-30,1.8206521244219975,1.3784710232121469,2.261170131775531,212.52682216201651,1.0022430069987498,-3.0787051118767206,-3.773366683697385,-2.371821174365878,205.57206303236055,1.002322522191755,8.982035533542355,7.168735373624092,10.853476111378956,228.38950242996503,1.0023692566539648,9.125,9.423567111690392,0,96.83169750741197,0.4056885505101212,18.359072916666666,0.9727428737395634,357.3364305052148
NC_NHC,15min,2019-05-01,2.0888508040038496,1.6286908965605174,2.535756913249971,180.03654130848437,1.0181948355530035,-3.360567114639962,-4.032615726490673,-2.640297590128272,179.7443904362161,1.0184339644867302,8.946988030472124,7.235883276380996,10.652112385605154,218.74839841275613,1.0209492893682437,8.826875,9.128776156764694,0,96.69286274983338,0.4014273906516168,19.94684375,0.9384965520458571,358.9087110560062
NC_NHC,15min,2019-05-02,1.922667268731766,1.4314621598651354,2.337372203763696,262.02324000563056,1.0129129665589458,-3.39840360356508,-4.157440214229943,-2.594431461358741,221.0054573169879,1.0141429487674165,8.656521730561003,6.871471125918264,10.469211307286372,233.92850841244456,1.0104290510159306,8.560104166666667,8.94753920479184,0,95.66992634223182,0.3967892544591971,20.808333333333334,0.9021143525164604,360.48471111405905
NC_NHC,15min,2019-05-03,1.8687902656612023,1.433970455931708,2.371768820379664,183.1524236871122,1.0196137142390238,-3.1961836845938163,-4.064255477747531,-2.41660108247978,177.88070055887326,1.0174322128287767,7.91546302305164,6.023209315105075,9.80226148320259,195.93570631264,1.011422889815983,8.510104166666666,8.876724192612127,0,95.86987251163454,0.3936770690333003,20.92925,0.8782523825848985,362.0281973858285
NC_NHC,15min,2019-05-04,1.898174208134544,1.4202444775507517,2.335323487563805,241.77990697776528,1.0075988467861248,-3.678650616864304,-4.436027631137761,-2.770996597713288,210.8055613690477,1.0090755861409997,7.928511086445753,5.9953747294612425,9.693379873484751,232.31586700797752,1.0061489313902807,8.194895833333334,8.67625743708646,0,94.45196725381203,0.39292702483158026,21.797166666666666,0.8726322173125888,363.5391333222415
NC_NHC,15min,2019-05-09,1.2193864528079337,0.8146215235078841,1.6125413079985258,229.3090287045454,1.0123339509617792,-2.54621945308,-3.2551529859171517,-1.7621316437640555,180.83825137453223,1.0124975780655026,6.860318882610116,5.01263009092678,8.762934099666557,214.85988664074696,1.0101763239561117,8.410625,8.858748473568326,0,94.94145843619577,0.37424479199823146,21.235541666666666,0.7393742121260659,370.67261155243415
NC_NHC,15min,2019-05-10,1.0558260388452192,0.6987350369831319,1.4394982082717558,265.50402042017976,1.0107175832479365,-2.3334724293468403,-3.114025517764669,-1.5865842789408795,233.9416586106118,1.0142264335084032,6.267069271937514,4.360718260895742,8.366806402145652,293.5041589951256,1.0101261321399908,8.349166666666667,8.874526020615399,0,94.08014182697386,0.37047479779041315,21.04789583333333,0.7142802578725854,372.0208943732186
NC_NHC,15min,2019-05-11,1.1553339972932088,0.7161746112425368,1.5851008575508585,224.08958279787063,1.0250222350248497,-2.998732053939026,-3.9034005777931817,-2.0960610797346577,166.60516831100531,1.0334174360753712,7.519879208455238,5.488477507234306,9.970443916208708,169.48610867357482,1.0261641054285584,8.294479166666667,8.877053287017876,0,93.4373028806396,0.3711996988984967,20.781645833333332,0.7191034380699227,373.33653505066576
NC_NHC,15min,2019-05-12,0.7107536916498571,0.34454835412862334,1.052818980517531,264.10594681834164,1.0083041058222195,-2.0173075672055396,-2.814310426239177,-1.1862649225711528,130.31069705643094,1.0241881732979847,6.040118620221399,3.691036707377132,8.377488155570216,112.61579432556292,1.0256658777245582,8.299166666666666,8.862093177703036,0,93.64792831954544,0.37449147948099515,20.52746875,0.7409673629684855,374.61959135256524
NC_NHC,15min,2019-05-13,0.7922730773687259,0.4331695995612345,1.1661999577513942,276.01750534187323,1.0199290145238995,-2.3002228820947246,-3.0859965480169715,-1.4975098754246852,200.33396986093717,1.0238035967120056,8.107950576208143,5.809417883031817,10.37898712968753,234.5841636762961,1.014895481355886,8.471979166666667,8.962627470667929,0,94.52561979612551,0.3911152014000195,20.051447916666667,0.8613546573653144,375.8701312314953
NC_NHC,15min,2019-05-14,0.7442001063956203,0.37334958568551424,1.0905815739911229,254.9669575654468,1.0231485792478752,-1.638778653874786,-2.3220586171217414,-0.9064726028149708,203.14878575960964,1.0335336718022272,6.6247012327051955,4.396801045744733,8.776109966366025,272.51752805045885,1.0200098759690204,8.98125,9.41731273954167,0,95.36956293581801,0.3752905062480765,17.909447916666668,0.7469821537576036,377.0882321606861
NC_NHC,15min,2019-05-15,0.8789884991939658,0.5212761210794574,1.2624471394794088,389.84876597398176,1.0035725502823314,-1.6274451915988095,-2.2791414377749177,-1.039515600642431,342.88295251077886,1.004400765202674,6.651583366270319,4.682733153221478,8.673467455690837,330.3262672586283,1.009674761076699,9.277708333333333,9.58642064126193,0,96.77969161294848,0.36406901625486315,17.167479166666666,0.6731665982320814,378.2739804632681
NC_NHC,15min,2019-05-16,1.0214958192241148,0.6287371871901898,1.422741406390005,234.55313552664947,1.0053971625211575,-1.827694500819378,-2.451860038150469,-1.2216303504563748,239.2961079863987,1.003967993076623,6.607969511682801,4.742452514467563,8.500535764513069,315.47744399480126,1.001934666764081,9.1284375,9.42583623470559,0,96.84485569979904,0.36322176222955266,17.907989583333332,0.6678483833028903,379.42747064501094
NC_NHC,15min,2019-05-17,1.2396007915333225,0.8505626995077655,1.662494840094212,320.9158920002637,1.0039368413607714,-2.036018451809749,-2.66664794106743,-1.434795174103613,308.0109218198366,1.0049931329194943,6.390854771639189,4.368189108766947,8.173451098001452,320.2677493207022,1.0139617179496978,8.9,9.179617026895894,0,96.95393581151994,0.36015861361873436,19.110666666666667,0.6488880230695784,380.5777821545701
NC_NHC,15min,2019-05-18,1.2791720863928342,0.8808103352432904,1.7112164774609802,291.55835156291647,1.0072377785995266,-2.451752603490931,-3.2036200647097797,-1.772150679433174,220.54410989831817,1.011738649808959,6.32014354467128,4.719976681931326,8.290068138008609,269.0128144468835,1.0118743386799054,8.434166666666666,8.837523073222874,0,95.43586587311606,0.35948441069195713,21.172104166666667,0.6447631008030164,381.695735868575
NC_NHC,15min,2019-05-19,1.402128855250429,0.9844563781835672,1.8269058838811791,147.66647425964257,1.0285072069169705,-2.77759816451585,-3.602264938803935,-2.0376133319641756,156.26264796334516,1.022962921154747,6.17936425189726,4.467563662166614,8.063761249002672,233.09847475974553,1.014738938120716,8.085729166666667,8.598057437380792,0,94.04134859012765,0.3595540851444177,22.627125,0.6451742371130179,382.7807159806679
NC_NHC,15min,2019-05-20,1.6654299575370466,1.216114473930169,2.0945908102630044,246.1239500843872,1.0214869767409271,-3.293816512622405,-4.2128343046217305,-2.4804930845288933,201.4346858051504,1.0254740077017672,6.246349565588705,4.718555090789667,7.966589741415201,191.05882720421135,1.0279943979026351,7.8559375,8.45120639562965,0,92.95640329009737,0.3625066237984352,23.388125,0.6636090071426889,383.8328402022802
NC_NHC,15min,2019-05-21,1.3378554907342095,0.9618457464066924,1.7119690832542314,313.3955153336145,1.0207068279232654,-2.9937026585139477,-3.8356361763718545,-2.146115124158077,256.7277664859958,1.0209118618492066,5.824022095796087,4.169321826982131,7.36035306034477,281.0053808821406,1.016027985560315,7.802604166666667,8.502913285758657,0,91.76389202669016,0.367564685514424,23.19665625,0.6953882643432515,384.85223185647374
NC_NHC,15min,2019-05-22,1.468597110394902,1.0859752284878603,1.8359011198177233,303.2708712107029,1.008420484567592,-2.530865449819096,-3.2481505329800617,-1.825806681699782,262.3055425298851,1.0068781870946892,5.2400740394588,3.5438885076251303,6.80629915589773,328.13644423931424,1.0035417605308248,8.210416666666667,8.755462423261624,0,93.77479189280885,0.36823245130105803,22.018760416666666,0.6997921281091785,385.83901923480124
NC_NHC,15min,2019-05-23,0.9689121476572872,0.6522600143963481,1.343148196994025,317.1928799902959,1.0082623378945772,-1.8755946186259336,-2.532351643538192,-1.242012334352952,252.8493904416977,1.021574609318421,3.5286948994191083,1.987754213075874,4.999162291795971,284.0247948365104,1.0157933219552906,8.197395833333333,8.79693423598362,0,93.18468927279356,0.3710922704597229,21.668572916666665,0.7184204440723765,386.7933349694631
NC_NHC,15min,2019-05-24,1.5442562883449318,1.1385895549873946,1.9131030040297352,144.4676351506463,1.016270574739971,-2.9984284005373025,-3.7079499881631017,-2.261144659738522,126.15726936401364,1.0139935662616193,5.287699404514507,3.821605424151735,6.781113371343334,242.88468656889543,1.0078110640795193,7.908541666666666,8.473451824123535,0,93.3331755560515,0.3729433641525386,23.479,0.7306884398312589,387.71531540571544
NC_NHC,15min,2019-05-25,1.8259651026221095,1.4277039170895782,2.203781901937,358.7399376398877,1.0075175841055966,-3.3241970477443856,-4.048809595544085,-2.567305141833905,322.4133914419994,1.009065804730186,4.900781280118831,3.6334529222027583,6.2578591087807816,359.2090007758298,1.008548626751928,7.672916666666667,8.300179652328687,0,92.44277820557731,0.3722454798213262,24.6455625,0.7261750419782844,388.60521498168674
NC_NHC,15min,2019-05-26,1.674311327923383,1.2891144712046034,2.0588176572904024,261.8621147198913,1.0217256187775627,-3.5534510893432696,-4.321300339924026,-2.6700299941381735,208.2998985375401,1.0277568115513784,5.195556461727286,3.7620581753780273,6.469051976978606,221.342357551068,1.0225115424137456,7.367083333333333,8.158846461252889,0,90.29564863513842,0.37966784390751573,25.4114375,0.7764222243279949,389.49060847277104
NC_NHC,15min,2019-05-27,1.5028139038837516,1.119092790730141,1.9016420301976031,254.2959227005055,1.0014647066311848,-3.2158851806447353,-4.0583951001081084,-2.373917798392965,215.6496204700325,1.001632149496387,4.7347721550918616,3.2264574912029413,6.15188149115351,259.86277645948024,1.0026275434006016,7.383958333333333,8.18590148835268,0,90.20336176583126,0.3705835443884636,25.089020833333333,0.7155039171183474,390.3435987940081
NC_NHC,15min,2019-05-28,1.6789499019183822,1.3096238244045209,2.074400910157156,366.97530979520144,1.0142668946614593,-3.2544442842092076,-4.063423421684478,-2.521431635432076,263.45429821486545,1.0219659545239808,4.407333353322734,3.1569764812980767,5.682118984727778,294.87675097798973,1.0172230882354965,7.357916666666667,8.139245420529173,0,90.40047678262897,0.36543100696802916,25.227291666666666,0.6819928292466646,391.1643154343696
NC_NHC,15min,2019-05-29,1.6040279942714886,1.188283362130227,2.0031513393190665,310.3940702690696,1.007999968315154,-3.051621969294457,-3.867443012331264,-2.25315465564389,270.2286380699484,1.0055137530592744,4.03852533814915,2.7580377111439027,5.184196414978744,304.12604754823644,1.0007663585371551,7.334375,8.142460648199746,0,90.07565792315607,0.3695199711443612,25.191604166666668,0.7083793405080078,391.95288867646366
NC_NHC,15min,2019-05-30,1.0237269751553475,0.6531039627091179,1.3977128936629553,423.8688985207787,1.0027205512198851,-3.1030985713656314,-4.0907473316616345,-2.225330798257322,246.79410065351777,1.01180527490522,4.497166627998217,2.97871096173908,6.082754343320496,291.07984646798803,1.0143105866637054,7.1379166666666665,8.148388821378031,0,87.59911711551737,0.375649492063933,25.110677083333332,0.7493019633759859,392.7094490620516
NC_NHC,15min,2019-05-31,1.697688006797769,1.268075023453783,2.129677308103034,117.26019453382696,1.0401928611712763,-3.595937300676411,-4.630284882653866,-2.567708562777062,127.47714677055754,1.0477434094393696,4.433436047635507,3.092664726290408,5.882253970866073,191.8755502295714,1.040615387414155,7.230625,8.20352452910373,0,88.14046906726293,0.3839303231318143,24.723583333333334,0.8085570052900135,393.43412686682206
NC_NHC,15min,2019-06-01,1.432670441485764,1.0846381520892865,1.7966696955219832,401.32741984095816,1.0052799783976116,-3.0060726566675138,-3.743076973224812,-2.3011240892503086,306.978194700481,1.0075992491852892,4.246842029401819,3.056427338230324,5.5100021842902045,369.63157107640654,1.0045222854852889,7.5515625,8.396567183652188,0,89.93630771754698,0.3944194274560528,23.52246875,0.8839871242104915,394.1270515927659
NC_NHC,15min,2019-06-02,1.6258288452233791,1.2521669759333591,1.997766436863544,321.7084978115925,1.0207891524007122,-2.898352631811545,-3.67699168883452,-2.1774866296971704,225.881385536336,1.0315062628428306,3.825091908452991,2.6670146474140575,5.113733492925723,314.1638447247179,1.0232641030939973,7.64578125,8.380584694216985,0,91.23207424030885,0.38623396052339637,23.5959375,0.8235818374340705,394.7883514749833
NC_NHC,15min,2019-06-03,1.3087881438946682,0.9364122869534992,1.6702757166270856,394.36533090421375,1.0067729460879165,-2.258704148739186,-3.02913602815055,-1.4789690450720654,187.16024652265935,1.0195423311443608,2.6980066325863605,1.305167532033416,4.0106876223119805,204.13906446815616,1.0239214379611736,7.629895833333333,8.513069507247371,0,89.62567293545328,0.3783911910558546,23.117697916666668,0.7686036265943392,395.4181530000658
NC_NHC,15min,2019-06-04,0.7988806069667191,0.458923406505855,1.1808191480294032,285.3934934040285,1.0090862815410335,-3.0074300383465125,-4.060647568501152,-1.96130740351767,170.964771772641,1.0056021791795289,4.885607423466338,2.9874108109489694,6.727408693105276,184.88238103979947,1.0056714992718967,7.681666666666667,8.763214865840595,0,87.65808877527525,0.36905658913547423,21.78798958333333,0.7064136571484432,396.016580449569
NC_NHC,15min,2019-06-05,0.5600957038279464,0.22200595625142747,0.905300104089512,485.3902307108533,1.008810176153984,-2.4893703745135536,-3.4813852411582413,-1.217086745890891,140.0875012538378,1.0161153647795793,3.897978150808616,1.375212257987593,5.757635325116728,123.47369561884857,1.0202318753166657,7.389375,8.55719967914737,0,86.35272375385622,0.36011512770229565,22.711739583333333,0.6490387782787591,396.58375545114677
NC_NHC,15min,2019-06-06,0.20195707935916085,-0.15322435746830368,0.5191105465851834,400.3122023602616,1.0079296459183025,-3.1558406017929292,-4.564027106867964,-1.7515976153100514,326.8343857042415,0.9997767846514068,4.627264190013328,2.6451946612239987,6.615831627079783,360.77855498866126,0.9997149483338288,6.916666666666667,8.432715200551026,0,82.02182217910911,0.3598393802594244,23.307552083333334,0.6474565853456532,397.1197965514222
NC_NHC,15min,2019-06-10,1.2237799615347258,0.7773735545905264,1.6571210104612646,219.2114777823849,1.0124879811413028,-3.830077532275032,-4.788953071622178,-2.8754602672023117,166.64787282070935,1.0191838373366868,10.483404931356826,8.028815501585154,12.923899232404384,207.33935685727204,1.0149282074590469,7.9773958333333335,8.465776900436726,0,94.23111342470885,0.41047481529708163,23.2624375,1.0171471425384695,398.9548626172272
NC_NHC,15min,2019-06-11,1.1166121729089569,0.6807111215686101,1.5496384183412415,179.10657983242604,1.0269050802345376,-3.192538998488306,-4.209508894808978,-2.148884607408911,157.30270231103145,1.0205934227250006,7.464061657010945,4.947235780019557,9.559566255923809,158.35111836509682,1.0176071092716947,7.844791666666667,8.498444595336233,0,92.30855809746319,0.3787655897318423,23.293,0.7716545581696945,399.33687691813503
NC_NHC,15min,2019-06-12,0.47277288808535334,0.10766278065702307,0.8385863875509918,364.213799346084,1.0103401692127578,-1.8744705041201823,-2.775391209816797,-0.9777167861902236,143.90814939230083,1.0223361087979428,5.877064072473889,3.5167919205639024,8.22675581335957,161.90616999480602,1.0205328805710694,8.226875,8.908663100206743,0,92.34690892968081,0.3651152282043786,20.709135416666665,0.6816574797967626,399.6883822254696
NC_NHC,15min,2019-06-13,0.807358901269681,0.4331656006148918,1.1709204393314128,336.3406222266546,1.015761519026285,-2.275769822440286,-2.9909652914850504,-1.5147335356816174,228.48568466606815,1.026606673845161,6.993266132939022,5.148745838703145,8.877917759350963,241.36032313856097,1.0282746705747097,8.398020833333334,8.890165686817618,0,94.4641655642702,0.3958552618969454,20.686822916666667,0.8971734253686666,400.0094650770677
NC_NHC,15min,2019-06-14,0.9362410493009468,0.5400756230482281,1.3258369135910182,268.7728460531664,1.018791323052742,-2.1257397053653095,-2.863579630029246,-1.3464273056527458,237.2976898498029,1.0148253207662143,6.46184147990415,4.594443469723939,8.460714174867212,274.38254335650225,1.009013311512931,8.542291666666667,9.023496947195977,0,94.66719739203944,0.3691968703128616,20.369395833333332,0.7069487625636783,400.3002061724655
NC_NHC,15min,2019-06-16,1.3970058188970809,0.9515208567574618,1.807866171051416,205.8738355506574,1.018145419859615,-2.293179622035079,-2.9508253638084416,-1.5554973110218162,210.43531997799667,1.019662146627819,4.951536883022926,3.149788709516244,6.723938162471893,250.24840954703748,1.01611994420234,8.321145833333333,8.660765912363109,0,96.07863689578569,0.343881086400241,22.235229166666667,0.5544934643520616,400.79095520049253
NC_NHC,15min,2019-06-17,1.513729174253212,1.104908967858301,1.8972248736413928,226.08768019328252,1.0241796431478811,-2.5722828743256754,-3.2530284916000256,-1.8846076647014176,219.87810476264377,1.020380980605892,4.45067180038926,3.108314248262924,5.881289018812388,323.4611675176896,1.011088903438648,7.871666666666667,8.369807482540454,0,94.04835993046535,0.3453393152623963,24.04595833333333,0.5624950302013125,400.99109315982076
NC_NHC,15min,2019-06-21,1.1128808215490853,0.6834743043156508,1.5282309452052771,328.4582465800351,1.0018402466607563,-3.0115373864796187,-3.8981226163449993,-2.0417718840209567,263.2986740029325,1.0044204847882898,7.253054322313072,5.2659266998527965,9.261577699283723,298.4160042353565,1.003728061215658,7.7996875,8.388451020871404,0,92.98126055207935,0.3882085369665325,23.734427083333333,0.8379049572227875,401.49126953732247
NC_NHC,15min,2019-06-22,1.230599569288649,0.8109494249847643,1.6514075605361556,302.25596999242265,1.0104942674170652,-2.702341402349588,-3.528232805559213,-1.8816958158533128,255.1519914596928,1.011473653538118,5.979326155767096,4.127714440905227,7.739769330020104,306.6534473967675,1.006315002187789,7.9070833333333335,8.462976140687237,0,93.43147377337682,0.3748263010165116,23.4593125,0.7439348116844168,401.5455697912
NC_NHC,15min,2019-06-23,1.1910673454891434,0.7922621080389262,1.589932112091317,352.46561164843416,1.003307147177039,-2.2884660418028164,-3.063626131316167,-1.4984766083900964,216.88247328914449,1.00545112040915,4.595759686504591,2.8117646388522246,6.235419678064022,352.8534154887666,1.002690100604717,7.928645833333333,8.503880007796642,0,93.23562686754853,0.36009193239667886,23.190510416666665,0.6490253937431061,401.5738461606293
NC_NHC,15min,2019-06-24,0.519425739676038,0.17209887082740327,0.8780096386195434,469.7888854670388,1.0081623652539484,-1.868725767813549,-2.717424807937463,-1.04794269616127,215.95926787537417,1.0050076459193245,3.141343928573283,1.2738526760296929,4.956209651307672,227.15721374445377,1.001297882545418,7.4444791666666665,8.310941421684404,0,89.57443915129738,0.35045155641864884,24.18309375,0.5916745361322857,401.57129854453996
NC_NHC,15min,2019-06-26,1.0646169514575805,0.7449617034500605,1.3998501091225342,477.9131892155069,1.014741313149953,-1.690722887718071,-2.4559135063699737,-0.971904714333204,191.04867502485024,1.0287352648109276,1.3676751101793143,0.1907398972546733,2.752916662937344,221.2045274986372,1.0244446181534972,7.239270833333333,8.2453449759547,0,87.79827714237176,0.34097248002609454,25.027427083333333,0.538696417361203,401.47369493308804
NC_NHC,15min,2019-06-27,-0.2982977163037814,-0.6340548029570344,0.052926503691895,464.8736308974049,1.0126704479771156,-1.2629260650574494,-2.558336754184742,-0.03312925234206642,243.4260195029541,1.0095995055937492,2.960824519615028,1.0761000037624344,4.908691152724801,261.8915510779987,1.0134003977561417,6.812326388888889,8.246422973612768,0,82.60947092681567,0.33080536803957017,25.10894791666667,0.48890025247224356,401.37860271722997
NC_NHC,15min,2019-06-30,0.4548790323421229,0.05165775237897113,0.845275049217438,278.4079566504433,1.012970051590652,-2.838267470046982,-4.349613154587761,-1.129391938289219,158.56787847909806,1.0160916112293836,4.291579074448508,1.6900611098995908,6.73165640822034,171.40903683486349,1.0127109641360936,6.738333333333333,8.065554876783152,0,83.54457239798529,0.3215119023890434,25.854770833333333,0.44168850594267217,400.9077969939465
NC_NHC,15min,2019-07-01,-0.0137724218414906,-0.35347199462793494,0.3242088593987032,485.04865192399865,1.0111550176160076,-1.7523283364545876,-3.2849461735709697,-0.3030914670947711,157.57991812924425,1.0322303219149442,2.8442071866383687,0.5906877269134472,5.175089157158296,140.3309776568744,1.0381543437219718,6.421458333333334,8.08485205449102,0,79.42579888974352,0.3090420243017843,25.80215625,0.3858521194938363,400.68887559477844
NC_NHC,15min,2019-07-02,0.1294329728044797,-0.2436719641516942,0.4916502605038472,333.6261605627532,1.010587591049716,-2.6366320791733076,-4.677554956839677,-0.733865142276322,134.09638282184466,1.03324978014784,3.221668095554607,0.9860895872196238,5.785093720114863,147.0053807406844,1.0298458451744112,6.074479166666666,8.14540198635553,0,74.57556025893021,0.2980302618409289,25.309958333333334,0.3408916345139425,400.438872360695
NC_NHC,15min,2019-07-03,-0.02125939834127616,-0.35213155219006187,0.33666636716682286,408.8977653420355,1.002670276126704,-2.6405444806933964,-5.095110184862491,-0.38237060694450575,128.3066055877036,1.0062487387655228,2.74951555216776,0.2389051054540811,5.306440608254231,125.4042921025339,1.0078822621091046,5.461041666666667,8.030113968301784,0,68.00702565646864,0.2910033211460443,26.08759375,0.3143999416089466,400.15772401012384
NC_NHC,15min,2019-07-04,-0.0787179584741181,-0.456490941765082,0.28883180226994554,300.50152307634045,1.0185870495667322,-1.8406841066049833,-3.889522267036068,-0.07916573855678702,149.41722971038206,1.0312326757813886,2.101805814891904,0.04660262925058374,4.335564313873938,133.87466007643974,1.0382774292027896,5.342708333333333,8.052741225318222,0,66.34645500013822,0.28597575864209307,26.145177083333333,0.29613642017781333,399.8453608108649
NC_NHC,15min,2019-07-05,-0.16663432303978973,-0.49640375940559206,0.21017177338273185,528.9497846875562,1.008752837817129,-1.846913859729412,-4.029255186799125,0.09356473178304991,120.4575620140294,1.0261976879129606,2.428887463372895,0.11788311361303956,4.887556985806159,117.0289012862623,1.0303444724417812,5.650833333333333,8.129421966429474,0,69.51088720290942,0.2933128318972759,25.728145833333333,0.32299950893373625,399.5017067765515
NC_NHC,15min,2019-07-06,0.1277011359556157,-0.23789257283552528,0.46972693532481513,529.8943427443099,1.006313963598149,-2.8226560480268805,-5.105575968975388,-0.6568089908201644,237.08077310157157,1.0058264399552577,2.7626793941833845,0.5839077547707835,4.9768873750368705,234.09819803927363,1.0076760674076777,5.4584375,8.011591042109918,0,68.13175399630079,0.3107175488166332,26.342958333333332,0.3940687374087286,399.12667988718545
NC_NHC,15min,2019-07-08,0.3129891985451633,-0.08958397056757128,0.7056766613132263,277.67000418379814,1.0162256194345114,-3.0456929779300945,-5.055346533379312,-1.2559921087093384,205.5003066603356,1.0230394809457988,3.650098547484731,1.4979573415811047,6.1324809095042605,218.94467217533224,1.0203123891250416,6.106875,7.962265614883036,0,76.69770509269436,0.31970887703233625,26.503385416666667,0.43271135151786055,398.282150768669
NC_NHC,15min,2019-07-09,0.7846663441318353,0.4327602912143197,1.1318612644106518,357.61091570645857,1.0141779006575344,-1.2911833920834976,-2.1578192124569004,-0.53758353303213,238.28682020080404,1.0024139628528053,1.1643529533476469,0.10089185136732905,2.5435236039156432,241.00262810856287,1.006534189632785,6.668333333333333,8.037010305660996,0,82.97032204421073,0.3212152659428135,26.2854375,0.4397355026594764,397.81245662119767
NC_NHC,15min,2019-07-10,-0.03654285639253905,-0.3829936402645565,0.2973140051535786,323.1997815316062,1.0040522267714609,-2.502811795096309,-4.387392540541606,-0.7589812057749816,190.4034967217725,1.0090982107993212,3.3681146949315037,1.1420751332543062,5.689938204242266,205.23858304986305,1.009350898097982,6.210416666666667,8.091551602403216,0,76.7518638183331,0.3184312994742344,25.8599375,0.4269375325305029,397.31160815819294
NC_NHC,15min,2019-07-11,0.05651146800728718,-0.3061811649987264,0.4090568244983619,332.0697291759855,1.0143540856825977,-2.497972788110144,-4.284943488322669,-0.7443116705744771,352.015496108468,1.0054698032798826,3.1226738437565813,0.8906034563969787,5.327657105148768,327.83350847386043,1.0070006247504548,6.0226041666666665,8.003722077740498,0,75.2475424329937,0.3149025457515674,26.21134375,0.41096259152551123,396.78837184781906
NC_NHC,15min,2019-07-12,-0.09825645662241336,-0.4474389201744463,0.2839090327417454,473.623716518912,1.0054012999703656,-2.2008100115179827,-4.0541059289348,-0.2191678779377516,183.266225290408,1.0102094654383265,2.650329818707709,0.5525031481518743,4.5975020783679055,188.19770667985603,1.008790098014661,5.7721875,7.97433885786164,0,72.38452745595816,0.31717543753849164,26.424697916666666,0.42113523373603545,396.2342408235824
NC_NHC,15min,2019-07-13,-0.2809476243940962,-0.6391557878763316,0.06330653957183076,479.6738349831206,1.002680042576009,-1.930745577292015,-4.085114536362692,-0.12701040108596104,245.0669909523278,1.0208692232704355,2.2842829230165274,0.5524632150489421,4.354100637016546,249.17684671935052,1.0208492922864991,5.556145833333333,7.994928424703618,0,69.49587961494859,0.3192605075311014,26.462427083333335,0.4306239804094675,395.6491039812373
NC_NHC,15min,2019-07-14,-0.06723397172306676,-0.42247223725228944,0.24815826698027257,522.177746043145,1.0038695151316677,-1.7219683539121378,-3.6072714022385264,-0.01838546836028187,165.53926556978007,1.0228569408843882,1.8583363745186885,0.12718640035248374,3.6746511668806288,174.450696939686,1.0227272163563672,5.5640625,7.977930639508123,0,69.74317967175323,0.31641915353577965,26.674333333333333,0.4177319999830503,395.0328462609187
NC_NHC,15min,2019-07-15,-0.2596092580314159,-0.5802799542654086,0.06880855157370855,455.8323214851577,1.0120607451150054,-1.645626351786869,-3.648625264103587,-0.02387463751500129,207.12351704155657,1.031866976189815,1.8713137409968816,0.3931738748762901,3.7509263548704417,219.25684126182375,1.029795141528319,5.441145833333334,8.039930555518568,0,67.67652774809801,0.31260171663559355,26.308838541666667,0.40084871367243907,394.3853490386289
NC_NHC,15min,2019-07-16,0.3619458333113227,-0.00342024930388256,0.6833797858074384,554.0070023624432,1.0027151539661348,-3.621382364535683,-5.849976362236009,-1.6220440719444962,213.7013151074128,1.0225054364596564,3.079133845047026,1.1901043105707132,5.153179919648359,228.95757497640705,1.0207580747807248,5.384791666666667,8.042821402636541,0,66.95152605156024,0.3089416515904488,26.285302083333335,0.3851057706379173,393.70649054975524
NC_NHC,15min,2019-07-18,-0.13969877176968504,-0.49929344601820513,0.25000798049212375,356.0930719085419,1.0076069773127545,-1.8372925691341688,-4.512327330290508,0.35466424682661774,167.32405625388054,1.021924807053224,1.8463454561496184,0.2159058737383782,3.911577397969451,173.82369070565102,1.0212892206216582,4.8653125,7.952899220794667,0,61.17658937860714,0.3142837419020364,26.671020833333333,0.40827726325004615,392.25444297935053
NC_NHC,15min,2019-07-19,0.7323285212108692,0.31369247850611837,1.1418745485468154,213.6770712637097,1.015886963821321,-4.274804604269583,-6.723631609818275,-1.2968372416479037,116.45280743710002,1.0345061937662032,2.5180210801023337,0.2715933599328616,4.287677064539134,120.00157855278916,1.0323651612089255,4.756145833333333,7.945571314228403,0,59.859079293849426,0.30908000553005455,26.785375,0.3856881179302162,391.50509557806157
NC_NHC,15min,2019-07-20,-0.2726031515277926,-0.6041983778027888,0.09115816694048612,672.8350468766359,0.9997610600714776,-1.4707299106898817,-4.011994064245926,0.4198264818485958,207.59360738297067,1.032405185444742,1.5058148248965366,0.21481170950610065,3.177345770466978,209.47648568276685,1.0347557969315315,4.309375,7.946755016481746,0,54.22810934856128,0.3080848269388252,26.766927083333332,0.3814854755622976,390.72435810313004
NC_NHC,15min,2019-07-21,-0.11529530301968768,-0.4774336034130656,0.2373514455289148,377.8345134908166,1.0040089454883212,-1.8333702709293316,-4.065146990500216,0.09830441313916144,206.34529966426155,1.0344015843845196,1.937987519524158,0.3603338148683368,3.727241052961266,187.1565967639382,1.033066306730239,4.991666666666666,8.025883112052183,0,62.19460957724213,0.3120530034655438,26.176833333333335,0.40060183980657366,389.91208522246325
NC_NHC,15min,2019-07-22,0.10404555055424453,-0.23578949203967317,0.471269790729746,535.8039610791424,1.003180392609578,-2.037713316333583,-3.3319676473854183,-0.8002602057339216,184.08798994052873,1.02587916027447,3.6519072595240742,1.725303996449674,5.632674782441989,161.83088182999626,1.0285742670806235,6.480208333333334,7.937013592502702,0,81.6454231532945,0.344815552714772,26.705197916666666,0.5621704668720144,389.06813137877367
NC_NHC,15min,2019-07-24,0.998946835552906,0.5514288498866602,1.4569825249234485,283.5053807499849,1.0117415753922845,-2.81240130919691,-3.745115360532127,-1.866533738670774,234.3139956980288,1.0170769828028952,7.116701759600496,4.7781965936036706,9.469833283958383,230.15176515369,1.0181911774534278,7.946666666666666,8.456538930106873,0,93.97067443721018,0.37503452517060715,23.429375,0.7540322147310458,387.2846007876155
NC_NHC,15min,2019-07-25,1.1078049748409784,0.688291878717158,1.495381973231999,337.27912653001584,1.012945630966499,-2.6455010019153233,-3.5592004226790563,-1.6505969665152915,260.8039054467371,1.0090701502719044,4.605971182393551,2.628200661961719,6.3260309431045885,257.7156442687359,1.0048438575759997,7.61125,8.407717888305845,0,90.52694323374433,0.3342735461047924,24.0171875,0.5040357404851731,386.3447368827468
NC_NHC,15min,2019-07-26,1.2191301889693602,0.8450827427221195,1.5901933647527209,366.1827328530323,1.003075619181723,-2.5775450142780016,-3.460085472306439,-1.6235507200417787,220.8885221460101,1.0071850475533457,3.388178355538214,1.7980206319020715,4.901403398946043,220.4336887442749,1.0082905432342226,7.444583333333333,8.46013640583281,0,87.99602011382102,0.3212799350766662,23.879322916666666,0.4401701040328401,385.37261889144236
NC_NHC,15min,2019-07-27,-0.18882743405895913,-0.5102208367951365,0.1531293048912311,493.6027196685532,1.0011266028192227,-1.528423499030282,-2.9349104824466807,-0.31078013445447783,223.903702280724,1.0067272998316603,2.651082888112092,0.8142100410955314,4.895718240262051,248.4943908765677,1.0072834718070904,6.779895833333334,8.482990283097195,0,79.92341859500456,0.31304987368090176,23.70428125,0.4029741958304549,384.3681087956531
NC_NHC,15min,2019-07-28,0.1340066480900552,-0.21130131505385613,0.4886912145850547,453.6328830345562,1.0053040619282896,-1.6214913884220084,-3.0877259462573186,-0.48974801308334714,296.1896069555699,1.015258912821806,2.1514443620763286,0.47840081425841313,4.403418785142784,253.3289362993644,1.0152792216866344,6.543645833333334,8.410211292008867,0,77.80596237279926,0.3052270125232015,23.999333333333333,0.3696831947517373,383.33107192665244
NC_NHC,15min,2019-07-29,-0.09123966460260884,-0.4202744111413561,0.25176169204729537,390.41602370441535,1.0116353474254185,-1.6090593931869437,-3.2270306223503407,-0.2548476636161942,199.39294937877776,1.021467323624123,2.1594265449994383,0.3753510233272966,4.221067275071312,180.83805608521448,1.0244991290342176,6.1621875,8.36121638915383,0,73.69965341398877,0.29995369185240933,24.13740625,0.3483352883138672,382.2613776102106
NC_NHC,15min,2019-07-30,-0.0551320228920282,-0.4172626928031641,0.2860289347357655,483.1284160379999,1.0011568471197525,-1.92153660926277,-3.8657073790335423,-0.3103713191191829,267.659423069679,1.0215301260591598,2.497698244578593,0.5298226612019182,4.714429093715627,263.5158968199548,1.0208810200834546,6.084583333333334,8.37730577400141,0,72.63174459044534,0.30104195703892617,24.01421875,0.35267624176176493,381.15889982710985
NC_NHC,15min,2019-07-31,0.11908748861595744,-0.22381753527200407,0.4596105595778971,501.37657631655486,0.9999024539493274,-2.6362416534744817,-4.736428168808648,-0.8033816813190832,223.20075377731507,1.028232719425389,3.0507944203234327,0.8438290443964991,5.479079831971073,186.79268918614,1.0314386912336846,6.013020833333333,8.349249609373029,0,72.01869766335648,0.29886016327596787,24.231979166666665,0.34401675785303865,380.02351788353843
NC_NHC,15min,2019-08-01,0.2727502198377952,-0.06518982637794378,0.6199487288993358,364.2648861470965,1.01138005455409,-2.0875267145399903,-3.8992425013352814,-0.5307411536672446,193.73839224836163,1.0315375196853214,2.33090945497061,0.3885260906262537,4.582377055772105,188.40750099983157,1.0348248821415102,6.1078125,8.352398860660825,0,73.12644668787718,0.2974020142500567,24.242072916666668,0.33842348592248894,378.85511708541594
NC_NHC,15min,2019-08-02,-0.0858983015216236,-0.4252017235094505,0.25103470659380084,433.2593134623623,1.000336352732229,-2.1006355795394507,-4.119438733528498,-0.3239723555144607,170.5978235425128,1.019268224960687,2.6203747863809284,0.5153608259618797,5.110024106093392,177.9264958460213,1.021196337228754,6.003645833333334,8.350030120345727,0,71.89969074129229,0.3071422017170222,24.22790625,0.37754882626054,377.6535894342173
NC_NHC,15min,2019-08-03,0.257666318125239,-0.06877952617523105,0.5856523411099049,654.1139571553189,1.0008873231285769,-2.7003263809222053,-4.638825102049752,-0.9604864655199984,199.4381287044321,1.0189773289338964,2.5427737728867834,0.5532260278219305,4.71014472766536,197.53401884204413,1.0185707051361796,5.918125,8.31148655802123,0,71.20416977981574,0.3024957400253778,24.33551041666667,0.35848989881669074,376.4188343228559
NC_NHC,15min,2019-08-04,-0.13795654483846576,-0.4915733069563003,0.19112912742355265,557.5389815665244,1.0005434900444266,-1.9322289467818583,-3.9734844645012664,-0.03895235333431137,157.11836507513246,1.0306706208330303,2.389867812272662,0.3735707483480656,4.512079326496435,151.30762087621628,1.034670036382162,5.7453125,8.277739989540763,0,69.40677657500018,0.3121042114663063,24.49328125,0.3998631719631869,375.17526486077134
NC_NHC,15min,2019-08-05,-0.08424863500139015,-0.5237437259354398,0.3253465980743705,359.64602817324584,1.0236804277369924,-0.8960279555023568,-1.93018622915242,0.0943908991129705,183.57524551019472,1.0374506543371602,1.6770456603207715,0.2786049733743713,3.3203124557903028,140.39010193046354,1.0477018004060603,6.4305208333333335,8.286541257336669,0,77.60198897990078,0.3380305478053971,24.422916666666666,0.5275885820386035,373.9104065864457
NC_NHC,15min,2019-08-08,1.0334949251736174,0.6823030720015558,1.3778299737058002,369.4441803686641,1.0016948814772124,-2.1794350407854397,-2.997910940950105,-1.3929635455837603,260.8050210810033,1.0084686111860108,2.597278525733998,1.1443177754433056,4.098176668034267,318.09268353637503,1.0091368415531496,7.1921875,8.13761532920075,0,88.38200392923208,0.34448947929157875,25.23934375,0.5590254222260546,369.95081493052044
NC_NHC,15min,2019-08-09,0.3718109370322995,-0.0069289069906169,0.752577329204891,243.14480140451408,1.0265831619613566,-3.00428597806613,-4.735354134185593,-1.0820781639734425,102.15468188491812,1.0550676911667911,3.5033128256544783,1.156585580239408,5.594484781598876,116.0793764119228,1.048608452453327,6.2878125,8.181954580747483,0,76.84976050582722,0.3226564969741553,24.991145833333334,0.4471404511253232,368.5862909337986
NC_NHC,15min,2019-08-10,0.2311988790832386,-0.08284215600202814,0.5671168867482963,536.1696383104972,1.0043870502727394,-2.281943892590443,-4.290727266699041,-0.5703886429426048,102.27620959470688,1.0256495208639824,2.4715590298367434,0.4195154287907597,4.884779313593628,94.9220650850632,1.0288230908544873,5.9528125,8.164749659149786,0,72.90869590017387,0.3079059737974867,25.176708333333334,0.38107740657782463,367.18927654269356
NC_NHC,15min,2019-08-11,-0.27648222306376014,-0.6168486306573135,0.06576510149233097,479.1034343985976,1.007477532907523,-2.0278491078140624,-3.956787365523585,-0.1396055405415146,183.71277381211473,1.0190930599698205,2.5989598193218852,0.4224470050295633,4.736115186673015,183.60744842954475,1.0186489265817087,5.741770833333334,8.222180987498163,0,69.8326981863292,0.3000600796690974,24.964729166666668,0.3488008306070734,365.75973175515645
NC_NHC,15min,2019-08-12,0.10892597775136012,-0.2157439820634626,0.44474931600432094,633.6913558380429,1.001756679640842,-2.2468007286831004,-4.133144122069373,-0.6444193046817043,268.8923434004086,0.998919414251512,2.4328552736414983,0.5356522511035907,4.628275352319461,263.4541270040202,0.999156539362391,5.8428125,8.263155135175351,0,70.70921947390028,0.29383620242463443,24.6284375,0.32472981066830864,364.29762988835586
NC_NHC,15min,2019-08-19,-0.4819760948336479,-0.8267961625023792,-0.13400321802423754,526.6997604407619,1.0013574713813378,-1.5957765711449587,-3.4639211664024185,0.2985113477959414,158.07581423203106,1.0325815940299556,2.112666234335382,0.26380907837513523,4.027362324077194,125.85375692122165,1.0340707192070724,5.423958333333333,8.11352190942456,0,66.85084965424122,0.3116861095463038,25.771510416666665,0.39725883479178953,353.25154743315414
